Player,Team,Possessions,2P%,2PA,3P%,3PA,Turnover%,ShootingFoul%,PersonalFoul%
LJ Cryer,Baylor,0,NA,0,NA,0,NA,NA,NA
Mark Vital,Baylor,78,0.47368421052631576,38,0.3157894736842105,19,0.21794871794871795,0.075,0.1625
MaCio Teague,Baylor,111,0.45,60,0.36,25,0.23423423423423423,0.0782608695652174,0.1565217391304348
Zach Loveday,Baylor,0,NA,0,NA,0,NA,NA,NA
Dain Dainja,Baylor,0,NA,0,NA,0,NA,NA,NA
Jared Butler,Baylor,115,0.4827586206896552,58,0.26666666666666666,30,0.22608695652173913,0.08695652173913043,0.13043478260869565
Mark Paterson,Baylor,0,NA,0,NA,0,NA,NA,NA
Davion Mitchell,Baylor,102,0.4528301886792453,53,0.3181818181818182,22,0.2647058823529412,0.06862745098039216,0.17647058823529413
Adam Flagler,Baylor,0,NA,0,NA,0,NA,NA,NA
Jordan Turner,Baylor,0,NA,0,NA,0,NA,NA,NA
Matthew Mayer,Baylor,38,0.47058823529411764,17,0.09090909090909091,11,0.2631578947368421,0.08823529411764706,0.17647058823529413
Jackson Moffatt,Baylor,6,0,1,0,3,0.16666666666666666,0.2,0
Jonathan Tchamwa Tchatchoua,Baylor,0,NA,0,NA,0,NA,NA,NA
Flo Thamba,Baylor,18,0.5714285714285714,7,0.125,8,0.16666666666666666,0.058823529411764705,0.17647058823529413
SK Shittu,Central Arkansas,44,0.7083333333333334,24,0.4444444444444444,18,0.22727272727272727,0.06521739130434782,0.1956521739130435
Churchill Bounds,Central Arkansas,0,NA,0,NA,0,NA,NA,NA
Suazell Farmer,Central Arkansas,0,NA,0,NA,0,NA,NA,NA
Masai Olowokere,Central Arkansas,57,0.5714285714285714,42,0.4666666666666667,15,0.12280701754385964,0.03508771929824561,0.07017543859649122
Khaleem Bennett,Central Arkansas,0,NA,0,NA,0,NA,NA,NA
Collin Cooper,Central Arkansas,63,0.4857142857142857,35,0.5238095238095238,21,0.20634920634920634,0.03225806451612903,0.16129032258064516
Jaxson Baker,Central Arkansas,64,0.5526315789473685,38,0.5,20,0.171875,0.03225806451612903,0.08064516129032258
Brendan Simmons,Central Arkansas,0,NA,0,NA,0,NA,NA,NA
Samson George,Central Arkansas,0,NA,0,NA,0,NA,NA,NA
Eddy Kayouloud,Central Arkansas,103,0.6101694915254238,59,0.5555555555555556,36,0.1553398058252427,0.08080808080808081,0.1111111111111111
Jared Chatham,Central Arkansas,42,0.5172413793103449,29,0.75,12,0.023809523809523808,0.12195121951219512,0.12195121951219512
Trey South,Central Arkansas,0,NA,0,NA,0,NA,NA,NA
Jonas Munson,Central Arkansas,0,NA,0,NA,0,NA,NA,NA
Kragen Bradley,Central Arkansas,0,NA,0,NA,0,NA,NA,NA
Lewis McDaniel,Central Arkansas,41,0.64,25,0.2857142857142857,14,0.0975609756097561,0.09523809523809523,0.16666666666666666
Takal Molson,Seton Hall,0,NA,0,NA,0,NA,NA,NA
Sylwester Granda,Seton Hall,0,NA,0,NA,0,NA,NA,NA
Tyrese Samuel,Seton Hall,43,0.46153846153846156,13,0.42857142857142855,14,0.18604651162790697,0.1111111111111111,0.15555555555555556
Tray Jackson,Seton Hall,25,0.36363636363636365,11,0.2,5,0.28,0.09523809523809523,0
Shavar Reynolds Jr.,Seton Hall,73,0.41379310344827586,29,0.19047619047619047,21,0.3150684931506849,0.0945945945945946,0.13513513513513514
Jared Rhoden,Seton Hall,81,0.5405405405405406,37,0.23076923076923078,26,0.2962962962962963,0.0875,0.075
Myles Cale,Seton Hall,64,0.5517241379310345,29,0.21739130434782608,23,0.234375,0.08196721311475409,0.21311475409836064
Jeff Ngandu,Seton Hall,0,NA,0,NA,0,NA,NA,NA
Ike Obiagu,Seton Hall,43,0.5714285714285714,21,0.0625,16,0.2558139534883721,0.09302325581395349,0.23255813953488372
Sandro Mamukelashvili,Seton Hall,107,0.5098039215686274,51,0.23529411764705882,34,0.2336448598130841,0.0761904761904762,0.13333333333333333
Jahari Long,Seton Hall,0,NA,0,NA,0,NA,NA,NA
Bryce Aiken,Seton Hall,0,NA,0,NA,0,NA,NA,NA
Will Martinez,Wagner,53,0.68,25,0.5,16,0.1509433962264151,0.0784313725490196,0.19607843137254902
Atiba Taylor,Wagner,30,0.7857142857142857,14,0.5454545454545454,11,0.1,0.06666666666666667,0.13333333333333333
Ja'Mier Fletcher,Wagner,37,0.6842105263157895,19,0.5,12,0.08108108108108109,0.10526315789473684,0.13157894736842105
Elijah Allen,Wagner,0,NA,0,NA,0,NA,NA,NA
DeAndre Wilkins,Wagner,4,1,2,1,1,0.25,0,0
Alex Morales,Wagner,65,0.8214285714285714,28,0.3333333333333333,21,0.13846153846153847,0.11594202898550725,0.18840579710144928
Ashton Miller,Wagner,0,NA,0,NA,0,NA,NA,NA
Nigel Jackson,Wagner,0,NA,0,NA,0,NA,NA,NA
Jordan Mason,Wagner,0,NA,0,NA,0,NA,NA,NA
Delonnie Hunt,Wagner,0,NA,0,NA,0,NA,NA,NA
Elijah Ford,Wagner,0,NA,0,NA,0,NA,NA,NA
Chase Freeman,Wagner,52,0.7916666666666666,24,0.26666666666666666,15,0.1346153846153846,0.14545454545454545,0.18181818181818182
Justin Brown,Wagner,0,NA,0,NA,0,NA,NA,NA
Rodney Miller Jr.,Miami (FL),38,0.5833333333333334,24,0.3333333333333333,9,0.15789473684210525,0.14285714285714285,0.05714285714285714
Deng Gak,Miami (FL),22,0.5,10,0.625,8,0.2727272727272727,0,0.09090909090909091
Nysier Brooks,Miami (FL),0,NA,0,NA,0,NA,NA,NA
Isaiah Wong,Miami (FL),29,0.6111111111111112,18,0.625,8,0.1724137931034483,0.06896551724137931,0.06896551724137931
Anthony Walker,Miami (FL),34,0.4666666666666667,15,0.5833333333333334,12,0.23529411764705882,0.125,0.0625
Elijah Olaniyi,Miami (FL),55,0.5,40,0.4,15,0.10909090909090909,0.09259259259259259,0.12962962962962962
Chris Lykes,Miami (FL),59,0.5789473684210527,38,0.3076923076923077,13,0.1864406779661017,0.12280701754385964,0.05263157894736842
Filippos Gkogkos,Miami (FL),0,NA,0,NA,0,NA,NA,NA
Kameron McGusty,Miami (FL),43,0.56,25,0.4166666666666667,12,0.18604651162790697,0.11363636363636363,0.09090909090909091
Harlond Beverly,Miami (FL),38,0.5714285714285714,21,0.6428571428571429,14,0.15789473684210525,0.10810810810810811,0.05405405405405406
Sam Waardenburg,Miami (FL),38,0.6,30,0.16666666666666666,6,0.13157894736842105,0.15789473684210525,0.02631578947368421
Willie Herenton,Miami (FL),0,NA,0,NA,0,NA,NA,NA
Brad Colbert,Louisville,0,NA,0,NA,0,NA,NA,NA
Gabe Wiznitzer,Louisville,0,NA,0,NA,0,NA,NA,NA
Josh Nickelberry,Louisville,24,0.5294117647058824,17,0.42857142857142855,7,0.16666666666666666,0.125,0.08333333333333333
Samuell Williamson,Louisville,81,0.47619047619047616,42,0.2857142857142857,35,0.1728395061728395,0.07407407407407407,0.08641975308641975
Drew Schultz,Louisville,0,NA,0,NA,0,NA,NA,NA
Jae'Lyn Withers,Louisville,0,NA,0,NA,0,NA,NA,NA
Hogan Orbaugh,Louisville,0,NA,0,NA,0,NA,NA,NA
JJ Traynor,Louisville,0,NA,0,NA,0,NA,NA,NA
Malik Williams,Louisville,0,NA,0,NA,0,NA,NA,NA
David Johnson,Louisville,0,NA,0,NA,0,NA,NA,NA
Ashton Myles-Devore,Louisville,0,NA,0,NA,0,NA,NA,NA
Dre Davis,Louisville,0,NA,0,NA,0,NA,NA,NA
Sam Bearden,Louisville,0,NA,0,NA,0,NA,NA,NA
Carlik Jones,Louisville,0,NA,0,NA,0,NA,NA,NA
Quinn Slazinski,Louisville,19,0.4444444444444444,9,0.5555555555555556,9,0.05263157894736842,0.21052631578947367,0.05263157894736842
Charles Minlend,Louisville,0,NA,0,NA,0,NA,NA,NA
Nah'Shon Hyland,Virginia Commonwealth,65,0.42105263157894735,38,0.3333333333333333,21,0.3076923076923077,0.10526315789473684,0.14473684210526316
Adrian Baldwin Jr.,Virginia Commonwealth,0,NA,0,NA,0,NA,NA,NA
Josh Banks,Virginia Commonwealth,0,NA,0,NA,0,NA,NA,NA
Jamir Watkins,Virginia Commonwealth,0,NA,0,NA,0,NA,NA,NA
KeShawn Curry,Virginia Commonwealth,68,0.5238095238095238,42,0.2,25,0.25,0.11940298507462686,0.14925373134328357
Jarren McAllister,Virginia Commonwealth,0,NA,0,NA,0,NA,NA,NA
Corey Douglas,Virginia Commonwealth,72,0.4318181818181818,44,0.2962962962962963,27,0.25,0.11688311688311688,0.12987012987012986
Mikeal Brown-Jones,Virginia Commonwealth,0,NA,0,NA,0,NA,NA,NA
Vince Williams,Virginia Commonwealth,65,0.6052631578947368,38,0.3157894736842105,19,0.3230769230769231,0.10294117647058823,0.14705882352941177
Arnold Henderson VI,Virginia Commonwealth,0,NA,0,NA,0,NA,NA,NA
Levi Stockard III,Virginia Commonwealth,0,NA,0,NA,0,NA,NA,NA
Hason Ward,Virginia Commonwealth,10,0,6,0.5,2,0.2,0.25,0
Brendan Medley-Bacon,Virginia Commonwealth,0,NA,0,NA,0,NA,NA,NA
Dan Henry,St. Francis (PA),0,NA,0,NA,0,NA,NA,NA
Jeriah Coleman,St. Francis (PA),0,NA,0,NA,0,NA,NA,NA
Brad McCabe,St. Francis (PA),0,NA,0,NA,0,NA,NA,NA
Bryce Laskey,St. Francis (PA),31,0.5294117647058824,17,0.25,4,0.22580645161290322,0.0967741935483871,0.16129032258064516
Zahree Harrison,St. Francis (PA),0,NA,0,NA,0,NA,NA,NA
Justen Anderson,St. Francis (PA),0,NA,0,NA,0,NA,NA,NA
Chukwu Ikediashi,St. Francis (PA),0,NA,0,NA,0,NA,NA,NA
A.J. Burch,St. Francis (PA),0,NA,0,NA,0,NA,NA,NA
Luke Ruggery,St. Francis (PA),0,NA,0,NA,0,NA,NA,NA
Maxwell Land,St. Francis (PA),0,NA,0,NA,0,NA,NA,NA
Myles Thompson,St. Francis (PA),53,0.5333333333333333,30,0.2222222222222222,9,0.24528301886792453,0.14285714285714285,0.125
Mark Flagg,St. Francis (PA),22,0.6923076923076923,13,0.25,4,0.22727272727272727,0.125,0.08333333333333333
Josh Cohen,St. Francis (PA),0,NA,0,NA,0,NA,NA,NA
"Ronell Giles, Jr.",St. Francis (PA),0,NA,0,NA,0,NA,NA,NA
Ramiir Dixon-Conover,St. Francis (PA),60,0.5384615384615384,39,0.1111111111111111,9,0.2,0.11475409836065574,0.13114754098360656
Ben Seidel,St. Francis (PA),0,NA,0,NA,0,NA,NA,NA
Marlon Hargis,St. Francis (PA),47,0.6176470588235294,34,0.2222222222222222,18,0.10638297872340426,0.12,0.02
Tyler Stewart,St. Francis (PA),30,0.5333333333333333,15,0.4,5,0.3,0.17647058823529413,0.17647058823529413
A.J. Labriola,St. Francis (PA),0,NA,0,NA,0,NA,NA,NA
Jordan Goldwire,Duke,88,0.3673469387755102,49,0.25,16,0.26136363636363635,0.0898876404494382,0.12359550561797752
Patrick Tape,Duke,0,NA,0,NA,0,NA,NA,NA
Michael Savarino,Duke,0,NA,0,NA,0,NA,NA,NA
Jaemyn Brakefield,Duke,0,NA,0,NA,0,NA,NA,NA
Wendell Moore Jr.,Duke,0,NA,0,NA,0,NA,NA,NA
DJ Steward,Duke,0,NA,0,NA,0,NA,NA,NA
Henry Coleman III,Duke,0,NA,0,NA,0,NA,NA,NA
Jeremy Roach,Duke,0,NA,0,NA,0,NA,NA,NA
Mike Buckmire,Duke,8,0.2,5,0,2,0.125,0,0
Matthew Hurt,Duke,125,0.47761194029850745,67,0.36363636363636365,22,0.224,0.16,0.12
Mark Williams,Duke,0,NA,0,NA,0,NA,NA,NA
Joey Baker,Duke,52,0.3448275862068966,29,0.36363636363636365,11,0.15384615384615385,0.1509433962264151,0.1509433962264151
Keenan Worthington,Duke,0,NA,0,NA,0,NA,NA,NA
Jalen Johnson,Duke,30,0.4666666666666667,15,0.38461538461538464,13,0.16666666666666666,0.13333333333333333,0.1
Mitch Lightfoot,Kansas,0,NA,0,NA,0,NA,NA,NA
Tristan Enaruna,Kansas,70,0.42105263157894735,38,0.4166666666666667,24,0.18571428571428572,0.08955223880597014,0.11940298507462686
Chris Teahan,Kansas,0,NA,0,NA,0,NA,NA,NA
Michael Jankovich,Kansas,2,NA,0,1,1,0.5,0.5,0
Latrell Jossell,Kansas,0,NA,0,NA,0,NA,NA,NA
Marcus Garrett,Kansas,130,0.46153846153846156,65,0.2653061224489796,49,0.18461538461538463,0.09923664122137404,0.0916030534351145
Jalen Wilson,Kansas,5,0.25,4,0,1,0.2,0,0.3333333333333333
David McCormack,Kansas,69,0.3939393939393939,33,0.25,28,0.14492753623188406,0.12,0.10666666666666667
Bryce Thompson,Kansas,0,NA,0,NA,0,NA,NA,NA
Ochai Agbaji,Kansas,125,0.4,60,0.29411764705882354,51,0.192,0.07751937984496124,0.10852713178294573
Christian Braun,Kansas,12,0.8571428571428571,7,0.25,4,0,0.25,0.08333333333333333
Tyon Grant-Foster,Kansas,0,NA,0,NA,0,NA,NA,NA
Dajuan Harris,Kansas,0,NA,0,NA,0,NA,NA,NA
Gethro Muscadin,Kansas,0,NA,0,NA,0,NA,NA,NA
Dwon Odom,Xavier,0,NA,0,NA,0,NA,NA,NA
Bryan Griffin,Xavier,0,NA,0,NA,0,NA,NA,NA
C.J. Wilcher,Xavier,0,NA,0,NA,0,NA,NA,NA
Nate Johnson,Xavier,0,NA,0,NA,0,NA,NA,NA
Colby Jones,Xavier,0,NA,0,NA,0,NA,NA,NA
Adam Kunkel,Xavier,0,NA,0,NA,0,NA,NA,NA
Paul Scruggs,Xavier,111,0.43636363636363634,55,0.17647058823529413,34,0.26126126126126126,0.05405405405405406,0.09009009009009009
Zach Freemantle,Xavier,95,0.425531914893617,47,0.2692307692307692,26,0.18947368421052632,0.125,0.11458333333333333
Jason Carter,Xavier,112,0.4727272727272727,55,0.25806451612903225,31,0.25892857142857145,0.0990990990990991,0.0990990990990991
Ben Stanley,Xavier,0,NA,0,NA,0,NA,NA,NA
Dieonte Miles,Xavier,0,NA,0,NA,0,NA,NA,NA
Spencer Cody,Xavier,4,1,1,0,2,0,0.5,0
Ramon Singh,Xavier,4,1,1,0,2,0,0.5,0
Zak Swetye,Xavier,4,1,1,0,2,0,0.5,0
Derrick Flowers,Jacksonville,13,0.8333333333333334,6,0,5,0.15384615384615385,0.23076923076923078,0.07692307692307693
Bryce Workman,Jacksonville,35,0.5789473684210527,19,0.08333333333333333,12,0.11428571428571428,0.14285714285714285,0.05714285714285714
Mo Arnold,Jacksonville,41,0.6842105263157895,19,0.16666666666666666,12,0.1951219512195122,0.18181818181818182,0.06818181818181818
Cameron Boozer,Jacksonville,0,NA,0,NA,0,NA,NA,NA
Dontarius James,Jacksonville,40,0.5714285714285714,21,0.3333333333333333,12,0.1,0.07894736842105263,0.07894736842105263
Loseni Kamara,Jacksonville,0,NA,0,NA,0,NA,NA,NA
Connor Thompson,Jacksonville,0,NA,0,NA,0,NA,NA,NA
Kevion Nolan,Jacksonville,0,NA,0,NA,0,NA,NA,NA
Thomas Owen,Jacksonville,0,NA,0,NA,0,NA,NA,NA
Zameron Boozer,Jacksonville,0,NA,0,NA,0,NA,NA,NA
Noah Locke,Florida,92,0.3617021276595745,47,0.4375,32,0.1956521739130435,0.11956521739130435,0.09782608695652174
Jack May,Florida,0,NA,0,NA,0,NA,NA,NA
Tre Mann,Florida,82,0.4166666666666667,36,0.2857142857142857,35,0.24390243902439024,0.05813953488372093,0.16279069767441862
Colin Castleton,Florida,0,NA,0,NA,0,NA,NA,NA
Ques Glover,Florida,31,0.3684210526315789,19,0.3,10,0.16129032258064516,0.1935483870967742,0.0967741935483871
Anthony Duruji,Florida,0,NA,0,NA,0,NA,NA,NA
Osayi Osifo,Florida,0,NA,0,NA,0,NA,NA,NA
Jason Jitoboh,Florida,17,0.42857142857142855,7,0.3333333333333333,9,0.058823529411764705,0.11764705882352941,0.058823529411764705
Samson Ruzhentsev,Florida,0,NA,0,NA,0,NA,NA,NA
Alex Klatsky,Florida,0,NA,0,NA,0,NA,NA,NA
Omar Payne,Florida,43,0.5,20,0.23529411764705882,17,0.20930232558139536,0.06818181818181818,0.11363636363636363
Keyontae Johnson,Florida,77,0.4090909090909091,44,0.36,25,0.19480519480519481,0.08860759493670886,0.16455696202531644
Scottie Lewis,Florida,77,0.37142857142857144,35,0.25806451612903225,31,0.24675324675324675,0.08,0.12
Tyree Appleby,Florida,0,NA,0,NA,0,NA,NA,NA
Niels Lane,Florida,0,NA,0,NA,0,NA,NA,NA
Alonde Legrand,North Florida,0,NA,0,NA,0,NA,NA,NA
Chaz Lanier,North Florida,0,NA,0,NA,0,NA,NA,NA
Jose Placer,North Florida,0,NA,0,NA,0,NA,NA,NA
Christian Schach,North Florida,0,NA,0,NA,0,NA,NA,NA
Emmanuel Adedoyin,North Florida,21,0.5714285714285714,21,0.3333333333333333,3,0.09523809523809523,0.047619047619047616,0.42857142857142855
Ryan Burkhardt,North Florida,14,0.6666666666666666,6,0.4,5,0.14285714285714285,0.14285714285714285,0.14285714285714285
Josh Berenbaum,North Florida,0,NA,0,NA,0,NA,NA,NA
Garrett Hursey,North Florida,0,NA,0,NA,0,NA,NA,NA
Jacob Crews,North Florida,0,NA,0,NA,0,NA,NA,NA
Jonathan Aybar,North Florida,0,NA,0,NA,0,NA,NA,NA
Jadyn Parker,North Florida,0,NA,0,NA,0,NA,NA,NA
Dorian James,North Florida,24,0.375,24,0.6666666666666666,3,0.08333333333333333,0.13043478260869565,0.34782608695652173
Carter Hendricksen,North Florida,45,0.4375,32,0,8,0.2222222222222222,0.10638297872340426,0.06382978723404255
Chol Marial,Maryland,0,NA,0,NA,0,NA,NA,NA
Marcus Dockery,Maryland,0,NA,0,NA,0,NA,NA,NA
Aaron Wiggins,Maryland,108,0.421875,64,0.32432432432432434,37,0.21296296296296297,0.03669724770642202,0.13761467889908258
Hakim Hart,Maryland,3,1,1,0,3,0,0,0.3333333333333333
James Graham,Maryland,0,NA,0,NA,0,NA,NA,NA
Eric Ayala,Maryland,110,0.4032258064516129,62,0.28205128205128205,39,0.20909090909090908,0.04672897196261682,0.12149532710280374
Aquan Smart,Maryland,0,NA,0,NA,0,NA,NA,NA
Reese Mona,Maryland,2,NA,0,0,3,0,0,0.5
Arnaud Revaz,Maryland,0,NA,0,NA,0,NA,NA,NA
Donta Scott,Maryland,56,0.4666666666666667,30,0.21052631578947367,19,0.3392857142857143,0.03278688524590164,0.13114754098360656
Aidan McCool,Maryland,0,NA,0,NA,0,NA,NA,NA
Darryl Morsell,Maryland,111,0.36507936507936506,63,0.2857142857142857,35,0.2072072072072072,0.036036036036036036,0.0990990990990991
Jairus Hamilton,Maryland,0,NA,0,NA,0,NA,NA,NA
Galin Smith,Maryland,0,NA,0,NA,0,NA,NA,NA
Jade Brahmbhatt,Maryland,0,NA,0,NA,0,NA,NA,NA
R.J. Johnson,Holy Cross,0,NA,0,NA,0,NA,NA,NA
Joey Reilly,Holy Cross,20,0.6,10,0.2222222222222222,9,0.1,0.1,0
D.J. Hart,Holy Cross,0,NA,0,NA,0,NA,NA,NA
Judson Martindale,Holy Cross,0,NA,0,NA,0,NA,NA,NA
DaJion Humphrey,Holy Cross,0,NA,0,NA,0,NA,NA,NA
Malcolm Townsel,Holy Cross,0,NA,0,NA,0,NA,NA,NA
Louth-M Coulibaly,Holy Cross,0,NA,0,NA,0,NA,NA,NA
Bo Montgomery,Holy Cross,0,NA,0,NA,0,NA,NA,NA
Michael Rabinovich,Holy Cross,0,NA,0,NA,0,NA,NA,NA
Gerrale Gates,Holy Cross,0,NA,0,NA,0,NA,NA,NA
Ryan Wade,Holy Cross,40,0.7083333333333334,24,0.2857142857142857,14,0.075,0.1282051282051282,0.02564102564102564
Matt Faw,Holy Cross,21,0.6363636363636364,11,0.14285714285714285,7,0.047619047619047616,0.15789473684210525,0
Oumar Ballo,Gonzaga,0,NA,0,NA,0,NA,NA,NA
Andrew Nembhard,Gonzaga,113,0.3620689655172414,58,0.42424242424242425,33,0.23893805309734514,0.11403508771929824,0.11403508771929824
Ben Gregg,Gonzaga,0,NA,0,NA,0,NA,NA,NA
Abe Eagle,Gonzaga,0,NA,0,NA,0,NA,NA,NA
Martynas Arlauskas,Gonzaga,45,0.6086956521739131,23,0.125,8,0.2222222222222222,0.18604651162790697,0.13953488372093023
Aaron Cook,Gonzaga,0,NA,0,NA,0,NA,NA,NA
Will Graves,Gonzaga,0,NA,0,NA,0,NA,NA,NA
Colby Brooks,Gonzaga,0,NA,0,NA,0,NA,NA,NA
Matthew Lang,Gonzaga,22,0.7272727272727273,11,0,5,0.18181818181818182,0.22727272727272727,0.13636363636363635
Anton Watson,Gonzaga,144,0.42168674698795183,83,0.3611111111111111,36,0.2013888888888889,0.07971014492753623,0.07971014492753623
Drew Timme,Gonzaga,137,0.4782608695652174,69,0.24390243902439024,41,0.2116788321167883,0.11940298507462686,0.08955223880597014
Joel Ayayi,Gonzaga,130,0.4861111111111111,72,0.2647058823529412,34,0.2,0.12403100775193798,0.09302325581395349
Dominick Harris,Gonzaga,0,NA,0,NA,0,NA,NA,NA
Julian Strawther,Gonzaga,0,NA,0,NA,0,NA,NA,NA
Jalen Suggs,Gonzaga,0,NA,0,NA,0,NA,NA,NA
Pavel Zakharov,Gonzaga,36,0.631578947368421,19,0.14285714285714285,7,0.19444444444444445,0.15151515151515152,0.09090909090909091
Corey Kispert,Gonzaga,161,0.4111111111111111,90,0.3541666666666667,48,0.18633540372670807,0.06134969325153374,0.07975460122699386
Evan Inglesby,Gonzaga,0,NA,0,NA,0,NA,NA,NA
Kareem Clark,Alabama State,0,NA,0,NA,0,NA,NA,NA
DJ Heath,Alabama State,21,0.7692307692307693,13,0.5714285714285714,7,0.09523809523809523,0,0.045454545454545456
DJ Jackson,Alabama State,0,NA,0,NA,0,NA,NA,NA
Kevion Stewart,Alabama State,2,0,3,0,1,0,0.3333333333333333,1
Christopher Dumas,Alabama State,0,NA,0,NA,0,NA,NA,NA
Mike Stone,Alabama State,21,0.625,16,0.5,4,0.09523809523809523,0.08695652173913043,0.21739130434782608
LaTrell Tate,Alabama State,0,NA,0,NA,0,NA,NA,NA
Trace Young,Alabama State,0,NA,0,NA,0,NA,NA,NA
Brandon Battle,Alabama State,35,0.5789473684210527,19,0.45454545454545453,11,0.11428571428571428,0.15151515151515152,0.15151515151515152
E.J. Clark,Alabama State,0,NA,0,NA,0,NA,NA,NA
Jordan O'Neal,Alabama State,0,NA,0,NA,0,NA,NA,NA
Jordan Cousin,Alabama State,0,NA,0,NA,0,NA,NA,NA
Kenny Strawbridge,Alabama State,0,NA,0,NA,0,NA,NA,NA
Tyrese Robinson,Alabama State,34,0.5263157894736842,19,0.4166666666666667,12,0.11764705882352941,0.21212121212121213,0.15151515151515152
Malik Smiley,Alabama State,0,NA,0,NA,0,NA,NA,NA
Conor Glennon,Memphis,0,NA,0,NA,0,NA,NA,NA
Damion Baugh,Memphis,117,0.4067796610169492,59,0.358974358974359,39,0.28205128205128205,0.07964601769911504,0.168141592920354
Alex Lomax,Memphis,113,0.34545454545454546,55,0.32432432432432434,37,0.22123893805309736,0.08256880733944955,0.1743119266055046
D.J. Jeffries,Memphis,132,0.31343283582089554,67,0.3684210526315789,38,0.26515151515151514,0.09022556390977443,0.14285714285714285
Landers Nolley II,Memphis,0,NA,0,NA,0,NA,NA,NA
Isaiah Stokes,Memphis,0,NA,0,NA,0,NA,NA,NA
Moussa Cisse,Memphis,0,NA,0,NA,0,NA,NA,NA
Lester Quinones,Memphis,155,0.43283582089552236,67,0.36363636363636365,55,0.2645161290322581,0.07333333333333333,0.16666666666666666
Jayden Hardaway,Memphis,43,0.4117647058823529,17,0.3333333333333333,15,0.09302325581395349,0.14634146341463414,0.1951219512195122
Jordan Nesbitt,Memphis,0,NA,0,NA,0,NA,NA,NA
Boogie Ellis,Memphis,130,0.43103448275862066,58,0.2857142857142857,42,0.3230769230769231,0.046875,0.203125
Ahmad Rand,Memphis,0,NA,0,NA,0,NA,NA,NA
Malcolm Dandridge,Memphis,0,NA,0,NA,0,NA,NA,NA
DeAndre Williams,Memphis,44,0.36,25,0.16666666666666666,12,0.20454545454545456,0.21951219512195122,0.07317073170731707
Sebastian Guitian,South Carolina State,0,NA,0,NA,0,NA,NA,NA
Tariq Simmons,South Carolina State,43,0.6923076923076923,26,0.5,10,0.16279069767441862,0.06666666666666667,0.08888888888888889
Floyd Rideau,South Carolina State,0,NA,0,NA,0,NA,NA,NA
Dallas James,South Carolina State,0,NA,0,NA,0,NA,NA,NA
Jemal Davis,South Carolina State,0,NA,0,NA,0,NA,NA,NA
Rahsaan Edwards,South Carolina State,41,0.6923076923076923,26,0.5,8,0.17073170731707318,0.11363636363636363,0.09090909090909091
Trushaun Moorer,South Carolina State,10,0.42857142857142855,7,0,3,0.1,0.09090909090909091,0
Quamain Nelson,South Carolina State,0,NA,0,NA,0,NA,NA,NA
Isaiah Felder,South Carolina State,0,NA,0,NA,0,NA,NA,NA
Latavian Lawrence,South Carolina State,0,NA,0,NA,0,NA,NA,NA
Bradynn Manning,South Carolina State,0,NA,0,NA,0,NA,NA,NA
Majok Madol,South Carolina State,0,NA,0,NA,0,NA,NA,NA
Jadakiss Wright,South Carolina State,0,NA,0,NA,0,NA,NA,NA
Themus Fulks,South Carolina State,0,NA,0,NA,0,NA,NA,NA
Omar Croskey,South Carolina State,11,0.42857142857142855,7,0.25,4,0.09090909090909091,0.09090909090909091,0
Rashamel Butler,South Carolina State,0,NA,0,NA,0,NA,NA,NA
Micah Peavy,Texas Tech,0,NA,0,NA,0,NA,NA,NA
Jamarius Burton,Texas Tech,0,NA,0,NA,0,NA,NA,NA
Chibuzo Agbo,Texas Tech,0,NA,0,NA,0,NA,NA,NA
Davide Moretti,Texas Tech,93,0.35555555555555557,45,0.22727272727272727,22,0.26881720430107525,0.053763440860215055,0.10752688172043011
Kevin McCullar,Texas Tech,55,0.45714285714285713,35,0.3,10,0.2,0.07692307692307693,0.09615384615384616
Vladislav Goldin,Texas Tech,0,NA,0,NA,0,NA,NA,NA
Tyreek Smith,Texas Tech,0,NA,0,NA,0,NA,NA,NA
Marcus Santos-Silva,Texas Tech,164,0.4935064935064935,77,0.30434782608695654,46,0.3048780487804878,0.0736196319018405,0.10429447852760736
Avery Benson,Texas Tech,36,0.4,20,0.3333333333333333,6,0.3055555555555556,0.03125,0.09375
Ty Larson,Texas Tech,0,NA,0,NA,0,NA,NA,NA
Mac McClung,Texas Tech,0,NA,0,NA,0,NA,NA,NA
Terrence Shannon Jr.,Texas Tech,68,0.3333333333333333,42,0.23076923076923078,13,0.29411764705882354,0.08571428571428572,0.1
Kyler Edwards,Texas Tech,95,0.3541666666666667,48,0.25,24,0.2736842105263158,0.050505050505050504,0.13131313131313133
Clarence Nadolny,Texas Tech,54,0.46875,32,0.18181818181818182,11,0.18518518518518517,0.0625,0.125
Barlow Alleruzzo IV,Eastern Illinois,0,NA,0,NA,0,NA,NA,NA
Micah Schnyders,Eastern Illinois,0,NA,0,NA,0,NA,NA,NA
Josiah Wallace,Eastern Illinois,47,0.5925925925925926,27,0.5833333333333334,12,0.1276595744680851,0.1702127659574468,0.0425531914893617
Mack Smith,Eastern Illinois,42,0.4583333333333333,24,0.75,8,0.19047619047619047,0.15384615384615385,0.07692307692307693
Ryan Leonard,Eastern Illinois,0,NA,0,NA,0,NA,NA,NA
Sammy Friday IV,Eastern Illinois,0,NA,0,NA,0,NA,NA,NA
George Dixon,Eastern Illinois,46,0.4666666666666667,30,0.5555555555555556,9,0.15217391304347827,0.10638297872340426,0.06382978723404255
Isaac Miller,Eastern Illinois,0,NA,0,NA,0,NA,NA,NA
Henry Abraham,Eastern Illinois,0,NA,0,NA,0,NA,NA,NA
Madani Diarra,Eastern Illinois,0,NA,0,NA,0,NA,NA,NA
Deang Deang,Eastern Illinois,44,0.5625,32,0.5,10,0.18181818181818182,0.06666666666666667,0.1111111111111111
Jordan Skipper-Brown,Eastern Illinois,37,0.5217391304347826,23,0.3333333333333333,6,0.24324324324324326,0.13513513513513514,0.16216216216216217
Junior Farquhar,Eastern Illinois,0,NA,0,NA,0,NA,NA,NA
Kashawn Charles,Eastern Illinois,3,NA,0,NA,0,0.6666666666666666,0,0.25
Eric Dixon,Villanova,0,NA,0,NA,0,NA,NA,NA
Cole Swider,Villanova,43,0.2631578947368421,19,0.2777777777777778,18,0.16279069767441862,0.07317073170731707,0.12195121951219512
Jermaine Samuels,Villanova,53,0.43478260869565216,23,0.2631578947368421,19,0.2641509433962264,0.0784313725490196,0.0392156862745098
Kevin Hoehn,Villanova,2,NA,0,1,1,0,0.5,0.5
Kevin Voigt,Villanova,0,NA,0,NA,0,NA,NA,NA
Dhamir Cosby-Roundtree,Villanova,31,0.2857142857142857,14,0.08333333333333333,12,0.1935483870967742,0.0625,0.125
Bryan Antoine,Villanova,0,NA,0,NA,0,NA,NA,NA
Chris Arcidiacono,Villanova,12,0,4,0.3333333333333333,6,0.16666666666666666,0.09090909090909091,0.18181818181818182
Brandon Slater,Villanova,40,0.2857142857142857,14,0.25,20,0.2,0.075,0.125
Caleb Daniels,Villanova,0,NA,0,NA,0,NA,NA,NA
Collin Gillespie,Villanova,57,0.4583333333333333,24,0.22727272727272727,22,0.21052631578947367,0.05263157894736842,0.07017543859649122
Trey Patterson,Villanova,0,NA,0,NA,0,NA,NA,NA
Justin Moore,Villanova,54,0.38461538461538464,26,0.125,16,0.24074074074074073,0.05555555555555555,0.09259259259259259
Jeremiah Robinson-Earl,Villanova,56,0.44,25,0.2631578947368421,19,0.21428571428571427,0.07407407407407407,0.05555555555555555
Kwabena Davis,Army,0,NA,0,NA,0,NA,NA,NA
Chris Mann,Army,40,0.7333333333333333,15,0.29411764705882354,17,0.25,0.14285714285714285,0.07142857142857142
Jordan Coleman,Army,13,0.8333333333333334,6,0.3333333333333333,3,0.15384615384615385,0.23076923076923078,0.07692307692307693
Tucker Blackwell,Army,49,0.5833333333333334,24,0.3333333333333333,21,0.22448979591836735,0.061224489795918366,0.08163265306122448
Nick Finke,Army,5,0.75,4,NA,0,0.2,0,0
Abe Johnson,Army,0,NA,0,NA,0,NA,NA,NA
Noah Jager,Army,0,NA,0,NA,0,NA,NA,NA
Ben Jensen,Army,0,NA,0,NA,0,NA,NA,NA
John Scully,Army,16,0.6666666666666666,9,0.5,6,0.125,0.0625,0
Ben Kinker,Army,20,0.6363636363636364,11,0.6666666666666666,6,0.2,0.1,0.1
Zach Rocco,Army,0,NA,0,NA,0,NA,NA,NA
Jared Cross,Army,0,NA,0,NA,0,NA,NA,NA
Zach Lezanic,Army,0,NA,0,NA,0,NA,NA,NA
Jalen Rucker,Army,0,NA,0,NA,0,NA,NA,NA
Alex King,Army,53,0.5714285714285714,28,0.38095238095238093,21,0.22641509433962265,0.0784313725490196,0.058823529411764705
Aaron Duhart,Army,0,NA,0,NA,0,NA,NA,NA
Josh Caldwell,Army,24,0.6666666666666666,9,0.5833333333333334,12,0.25,0.20833333333333334,0.08333333333333333
Traye Carson,Army,0,NA,0,NA,0,NA,NA,NA
Lonnie Grayson,Army,61,0.59375,32,0.3,20,0.22950819672131148,0.11290322580645161,0.06451612903225806
Charlie Peterson,Army,0,NA,0,NA,0,NA,NA,NA
Mark Madden,Army,2,0,1,NA,0,0.5,0,0
Brendan Thiele,Army,4,1,3,1,1,0,0,0
Isaac Bullard,Army,0,NA,0,NA,0,NA,NA,NA
Matt Dove,Army,0,NA,0,NA,0,NA,NA,NA
Dylan Cardwell,Auburn,0,NA,0,NA,0,NA,NA,NA
Ty Cressman,Auburn,0,NA,0,NA,0,NA,NA,NA
Sharife Cooper,Auburn,0,NA,0,NA,0,NA,NA,NA
Allen Flanigan,Auburn,47,0.3548387096774194,31,0.21428571428571427,14,0.14893617021276595,0.13953488372093023,0.18604651162790697
Babatunde Akingbola,Auburn,6,0.3333333333333333,3,0.25,4,0,0,0
Preston Cook,Auburn,0,NA,0,NA,0,NA,NA,NA
Devan Cambridge,Auburn,61,0.5294117647058824,34,0.4,10,0.21311475409836064,0.1111111111111111,0.2222222222222222
Zep Jasper,Auburn,0,NA,0,NA,0,NA,NA,NA
Javon Franklin,Auburn,0,NA,0,NA,0,NA,NA,NA
Chase Maasdorp,Auburn,0,NA,0,NA,0,NA,NA,NA
Lior Berman,Auburn,0,NA,0,NA,0,NA,NA,NA
Carter Sobera,Auburn,0,NA,0,NA,0,NA,NA,NA
Jaylin Williams,Auburn,0,NA,0,NA,0,NA,NA,NA
Chandler Leopard,Auburn,0,NA,0,NA,0,NA,NA,NA
Chris Moore,Auburn,0,NA,0,NA,0,NA,NA,NA
JT Thor,Auburn,0,NA,0,NA,0,NA,NA,NA
Zack Bryant,Georgia Southern,0,NA,0,NA,0,NA,NA,NA
Eito Yuminami,Georgia Southern,0,NA,0,NA,0,NA,NA,NA
Kaden Archie,Georgia Southern,0,NA,0,NA,0,NA,NA,NA
Gedi Juozapaitis,Georgia Southern,0,NA,0,NA,0,NA,NA,NA
Kamari Brown,Georgia Southern,0,NA,0,NA,0,NA,NA,NA
David Viti,Georgia Southern,0,NA,0,NA,0,NA,NA,NA
JeMar Lincoln,Georgia Southern,0,NA,0,NA,0,NA,NA,NA
Jacob Sowers,Georgia Southern,0,NA,0,NA,0,NA,NA,NA
Eric Boone,Georgia Southern,0,NA,0,NA,0,NA,NA,NA
Grant Weatherford,Georgia Southern,0,NA,0,NA,0,NA,NA,NA
Elijah McCadden,Georgia Southern,58,0.6071428571428571,28,0.25,16,0.3103448275862069,0.08928571428571429,0.10714285714285714
Prince Toyambi,Georgia Southern,0,NA,0,NA,0,NA,NA,NA
Mackenzie McFatten,Georgia Southern,0,NA,0,NA,0,NA,NA,NA
Will Dillard,Georgia Southern,0,NA,0,NA,0,NA,NA,NA
Fred Odhiambo,Georgia Southern,0,NA,0,NA,0,NA,NA,NA
Cam Bryant,Georgia Southern,0,NA,0,NA,0,NA,NA,NA
Andrei Savrasov,Georgia Southern,31,0.375,16,0.25,4,0.25806451612903225,0.06896551724137931,0.10344827586206896
Franck Kepnang,Oregon,0,NA,0,NA,0,NA,NA,NA
N'Faly Dante,Oregon,0,NA,0,NA,0,NA,NA,NA
Chris Duarte,Oregon,133,0.5689655172413793,58,0.2727272727272727,55,0.21052631578947367,0.08461538461538462,0.1076923076923077
Luke Osborn,Oregon,0,NA,0,NA,0,NA,NA,NA
Amauri Hardy,Oregon,0,NA,0,NA,0,NA,NA,NA
Will Johnson,Oregon,0,NA,0,NA,0,NA,NA,NA
Aaron Estrada,Oregon,0,NA,0,NA,0,NA,NA,NA
Jalen Terry,Oregon,0,NA,0,NA,0,NA,NA,NA
Will Richardson,Oregon,141,0.4931506849315068,73,0.1956521739130435,46,0.2127659574468085,0.125,0.1527777777777778
Lok Wur,Oregon,0,NA,0,NA,0,NA,NA,NA
Chandler Lawson,Oregon,97,0.47619047619047616,42,0.2682926829268293,41,0.18556701030927836,0.12,0.14
Eric Williams Jr.,Oregon,0,NA,0,NA,0,NA,NA,NA
Eddy Ionescu,Oregon,0,NA,0,NA,0,NA,NA,NA
Gabe Reichle,Oregon,0,NA,0,NA,0,NA,NA,NA
Eugene Omoruyi,Oregon,0,NA,0,NA,0,NA,NA,NA
LJ Figueroa,Oregon,0,NA,0,NA,0,NA,NA,NA
Anthony Holland,Fresno State,26,0.47058823529411764,17,0,2,0.23076923076923078,0.21428571428571427,0.10714285714285714
Christian Gray,Fresno State,0,NA,0,NA,0,NA,NA,NA
Braxton Meah,Fresno State,0,NA,0,NA,0,NA,NA,NA
Isaiah Hill,Fresno State,0,NA,0,NA,0,NA,NA,NA
Deon Stroud,Fresno State,0,NA,0,NA,0,NA,NA,NA
Kyle Harding,Fresno State,0,NA,0,NA,0,NA,NA,NA
Devin Gage,Fresno State,0,NA,0,NA,0,NA,NA,NA
Orlando Robinson,Fresno State,42,0.6,25,0,6,0.23809523809523808,0.16666666666666666,0.09523809523809523
Assane Diouf,Fresno State,17,0.25,12,0,3,0.17647058823529413,0.23529411764705882,0.11764705882352941
Destin Whitaker,Fresno State,0,NA,0,NA,0,NA,NA,NA
Junior Ballard,Fresno State,0,NA,0,NA,0,NA,NA,NA
Alec Hickman,Fresno State,0,NA,0,NA,0,NA,NA,NA
Jordan Campbell,Fresno State,0,NA,0,NA,0,NA,NA,NA
Leo Colimerio,Fresno State,0,NA,0,NA,0,NA,NA,NA
Aleem Ford,Wisconsin,42,0.34615384615384615,26,0.3333333333333333,9,0.30952380952380953,0.023809523809523808,0.11904761904761904
Carter Gilmore,Wisconsin,0,NA,0,NA,0,NA,NA,NA
Ben Carlson,Wisconsin,0,NA,0,NA,0,NA,NA,NA
Jordan Davis,Wisconsin,0,NA,0,NA,0,NA,NA,NA
Jonathan Davis,Wisconsin,0,NA,0,NA,0,NA,NA,NA
Steven Crowl,Wisconsin,0,NA,0,NA,0,NA,NA,NA
Joe Hedstrom,Wisconsin,1,NA,0,NA,0,1,0,1
D'Mitrik Trice,Wisconsin,48,0.4,30,0.38461538461538464,13,0.2916666666666667,0.02040816326530612,0.10204081632653061
Trevor Anderson,Wisconsin,14,0.5,8,0.5,4,0.14285714285714285,0,0.08333333333333333
Justin Taphorn,Wisconsin,0,NA,0,NA,0,NA,NA,NA
Walt McGrory,Wisconsin,0,NA,0,NA,0,NA,NA,NA
Micah Potter,Wisconsin,0,NA,0,NA,0,NA,NA,NA
Brad Davison,Wisconsin,50,0.42424242424242425,33,0.4166666666666667,12,0.26,0.02,0.12
Tyler Wahl,Wisconsin,20,0.6,10,0.5,8,0.25,0,0.05555555555555555
Nate Reuvers,Wisconsin,53,0.4166666666666667,36,0.42857142857142855,14,0.20754716981132076,0.018518518518518517,0.09259259259259259
Carter Higginbottom,Wisconsin,0,NA,0,NA,0,NA,NA,NA
Lorne Bowman II,Wisconsin,0,NA,0,NA,0,NA,NA,NA
Logan Johnson,Saint Mary's,65,0.6060606060606061,33,0.3157894736842105,19,0.27692307692307694,0.046153846153846156,0.12307692307692308
Judah Brown,Saint Mary's,0,NA,0,NA,0,NA,NA,NA
Luke Barrett,Saint Mary's,0,NA,0,NA,0,NA,NA,NA
Mitchell Saxen,Saint Mary's,0,NA,0,NA,0,NA,NA,NA
Matthias Tass,Saint Mary's,89,0.5714285714285714,49,0.27586206896551724,29,0.2247191011235955,0.011235955056179775,0.12359550561797752
Alex Ducas,Saint Mary's,27,0.6,10,0.16666666666666666,6,0.3333333333333333,0.06666666666666667,0.1
Tommy Kuhse,Saint Mary's,38,0.5454545454545454,22,0.3,10,0.23684210526315788,0.05263157894736842,0.10526315789473684
Quinn Clinton,Saint Mary's,0,NA,0,NA,0,NA,NA,NA
Matt Van Komen,Saint Mary's,0,NA,0,NA,0,NA,NA,NA
Alex Mudronja,Saint Mary's,0,NA,0,NA,0,NA,NA,NA
Dan Fotu,Saint Mary's,29,0.38461538461538464,13,0.3333333333333333,6,0.2413793103448276,0.23333333333333334,0.16666666666666666
Leemet Bockler,Saint Mary's,0,NA,0,NA,0,NA,NA,NA
Kyle Bowen,Saint Mary's,8,0.5,6,0,2,0,0.2222222222222222,0.3333333333333333
Jabe Mullins,Saint Mary's,0,NA,0,NA,0,NA,NA,NA
Zahar Vedischev,Utah State,0,NA,0,NA,0,NA,NA,NA
Marco Anthony,Utah State,0,NA,0,NA,0,NA,NA,NA
Liam McChesney,Utah State,0,NA,0,NA,0,NA,NA,NA
Max Shulga,Utah State,0,NA,0,NA,0,NA,NA,NA
Karson Stastny,Utah State,0,NA,0,NA,0,NA,NA,NA
Neemias Queta,Utah State,0,NA,0,NA,0,NA,NA,NA
Justin Bean,Utah State,122,0.31666666666666665,60,0.3142857142857143,35,0.23770491803278687,0.11290322580645161,0.11290322580645161
Sean Bairstow,Utah State,79,0.4838709677419355,31,0.3,20,0.25316455696202533,0.16,0.10666666666666667
Matthew Wickizer,Utah State,0,NA,0,NA,0,NA,NA,NA
Kuba Karwowski,Utah State,92,0.2553191489361702,47,0.46153846153846156,26,0.2391304347826087,0.1,0.1111111111111111
Brock Miller,Utah State,143,0.3815789473684211,76,0.32432432432432434,37,0.23076923076923078,0.1111111111111111,0.10416666666666667
Steven Ashworth,Utah State,0,NA,0,NA,0,NA,NA,NA
Trevin Dorius,Utah State,66,0.3333333333333333,24,0.23809523809523808,21,0.25757575757575757,0.13432835820895522,0.11940298507462686
Alphonso Anderson,Utah State,109,0.46,50,0.2692307692307692,26,0.25688073394495414,0.12037037037037036,0.12037037037037036
Rollie Worster,Utah State,0,NA,0,NA,0,NA,NA,NA
Szymon Zapala,Utah State,0,NA,0,NA,0,NA,NA,NA
Abdul Mohamed,Montana State,0,NA,0,NA,0,NA,NA,NA
Brayden Hall,Montana State,0,NA,0,NA,0,NA,NA,NA
Nick Gazelas,Montana State,0,NA,0,NA,0,NA,NA,NA
Jubrile Belo,Montana State,39,0.35,20,0.2727272727272727,11,0.07692307692307693,0.2,0.175
Mike Hood,Montana State,0,NA,0,NA,0,NA,NA,NA
Carter Ash,Montana State,0,NA,0,NA,0,NA,NA,NA
Devin Kirby,Montana State,30,0.4444444444444444,18,0.5,6,0.2,0.125,0.15625
Bilal Shabazz,Montana State,0,NA,0,NA,0,NA,NA,NA
Amin Adamu,Montana State,53,0.39285714285714285,28,0.3076923076923077,13,0.11320754716981132,0.12727272727272726,0.23636363636363636
Caleb Bellach,Montana State,10,0.25,4,0.5,4,0.1,0.3,0
Borja Fernandez,Montana State,33,0.3333333333333333,15,0.25,8,0.09090909090909091,0.11764705882352941,0.29411764705882354
Xavier Bishop,Montana State,0,NA,0,NA,0,NA,NA,NA
Finn Fleute,Montana State,14,0.25,4,0.25,4,0.07142857142857142,0.23076923076923078,0.3076923076923077
Kellen Tynes,Montana State,0,NA,0,NA,0,NA,NA,NA
Tyler Patterson,Montana State,0,NA,0,NA,0,NA,NA,NA
Jesse Owens,Montana State,0,NA,0,NA,0,NA,NA,NA
Zan Payne,Kentucky,0,NA,0,NA,0,NA,NA,NA
Keion Brooks Jr.,Kentucky,105,0.35714285714285715,42,0.24489795918367346,49,0.21904761904761905,0.0594059405940594,0.12871287128712872
Brandon Boston Jr.,Kentucky,0,NA,0,NA,0,NA,NA,NA
Brennan Canada,Kentucky,2,NA,0,0,1,0.5,0,0
Devin Askew,Kentucky,0,NA,0,NA,0,NA,NA,NA
Jacob Toppin,Kentucky,35,0.4117647058823529,17,0.38461538461538464,13,0.17142857142857143,0.10810810810810811,0.08108108108108109
Terrence Clarke,Kentucky,0,NA,0,NA,0,NA,NA,NA
Riley Welch,Kentucky,2,NA,0,0,1,0.5,0,0
Davion Mintz,Kentucky,0,NA,0,NA,0,NA,NA,NA
Olivier Sarr,Kentucky,0,NA,0,NA,0,NA,NA,NA
Oscar Tshiebwe,Kentucky,0,NA,0,NA,0,NA,NA,NA
Kareem Watkins,Kentucky,0,NA,0,NA,0,NA,NA,NA
Isaiah Jackson,Kentucky,0,NA,0,NA,0,NA,NA,NA
Lance Ware,Kentucky,0,NA,0,NA,0,NA,NA,NA
Dontaie Allen,Kentucky,0,NA,0,NA,0,NA,NA,NA
Steven Izzo,Michigan State,4,0,1,0,1,0,0,0.6666666666666666
Aaron Henry,Michigan State,74,0.3888888888888889,36,0.4230769230769231,26,0.22972972972972974,0.11688311688311688,0.1038961038961039
Joey Hauser,Michigan State,0,NA,0,NA,0,NA,NA,NA
Gabe Brown,Michigan State,64,0.34615384615384615,26,0.2857142857142857,21,0.21875,0.12698412698412698,0.09523809523809523
Jack Hoiberg,Michigan State,6,0,2,0,2,0,0.2,0.4
Foster Loyer,Michigan State,28,0.4166666666666667,12,0.25,12,0.17857142857142858,0.11538461538461539,0.07692307692307693
Joshua Langford,Michigan State,0,NA,0,NA,0,NA,NA,NA
Malik Hall,Michigan State,44,0.375,16,0.35,20,0.18181818181818182,0.16279069767441862,0.16279069767441862
A.J. Hoggard,Michigan State,0,NA,0,NA,0,NA,NA,NA
Julius Marble II,Michigan State,0,NA,0,NA,0,NA,NA,NA
Mady Sissoko,Michigan State,0,NA,0,NA,0,NA,NA,NA
Marcus Bingham Jr.,Michigan State,55,0.25925925925925924,27,0.2857142857142857,21,0.14545454545454545,0.12962962962962962,0.07407407407407407
Davis Smith,Michigan State,0,NA,0,NA,0,NA,NA,NA
Rocket Watts,Michigan State,75,0.46875,32,0.36,25,0.28,0.11688311688311688,0.11688311688311688
Thomas Kithier,Michigan State,61,0.39285714285714285,28,0.35294117647058826,17,0.32786885245901637,0.109375,0.09375
Emmanuel Dowuona,Purdue,0,NA,0,NA,0,NA,NA,NA
Carson Barrett,Purdue,0,NA,0,NA,0,NA,NA,NA
Mason Gillis,Purdue,0,NA,0,NA,0,NA,NA,NA
Sasha Stefanovic,Purdue,46,0.6875,16,0.3333333333333333,15,0.2391304347826087,0.0851063829787234,0.2127659574468085
Zach Edey,Purdue,0,NA,0,NA,0,NA,NA,NA
Matt Frost,Purdue,0,NA,0,NA,0,NA,NA,NA
Jared Wulbrun,Purdue,0,NA,0,NA,0,NA,NA,NA
Brandon Newman,Purdue,0,NA,0,NA,0,NA,NA,NA
Aaron Wheeler,Purdue,107,0.44,50,0.3548387096774194,31,0.27102803738317754,0.056074766355140186,0.1588785046728972
Eric Hunter Jr.,Purdue,109,0.4716981132075472,53,0.38235294117647056,34,0.22935779816513763,0.07339449541284404,0.13761467889908258
Chase Martin,Purdue,0,NA,0,NA,0,NA,NA,NA
Jaden Ivey,Purdue,0,NA,0,NA,0,NA,NA,NA
Trevion Williams,Purdue,45,0.5882352941176471,17,0.4,15,0.26666666666666666,0.13043478260869565,0.15217391304347827
Isaiah Thompson,Purdue,39,0.4230769230769231,26,0.2727272727272727,11,0.2564102564102564,0.02631578947368421,0.15789473684210525
Ethan Morton,Purdue,0,NA,0,NA,0,NA,NA,NA
Damontae Taylor,Green Bay,0,NA,0,NA,0,NA,NA,NA
Lucas Stieber,Green Bay,0,NA,0,NA,0,NA,NA,NA
Emmanuel Ansong,Green Bay,0,NA,0,NA,0,NA,NA,NA
Blayton Williams,Green Bay,0,NA,0,NA,0,NA,NA,NA
Cem Kirciman,Green Bay,0,NA,0,NA,0,NA,NA,NA
Ryan Claflin,Green Bay,0,NA,0,NA,0,NA,NA,NA
Colin Schaefer,Green Bay,0,NA,0,NA,0,NA,NA,NA
Terrance Thompson,Green Bay,0,NA,0,NA,0,NA,NA,NA
Jacob Jones,Green Bay,0,NA,0,NA,0,NA,NA,NA
Donavan Moore,Green Bay,0,NA,0,NA,0,NA,NA,NA
Japannah Kellogg III,Green Bay,0,NA,0,NA,0,NA,NA,NA
PJ Pipes,Green Bay,35,0.5238095238095238,21,0.3333333333333333,9,0.2,0.02631578947368421,0.13157894736842105
Jiovanni Miles,Green Bay,0,NA,0,NA,0,NA,NA,NA
Day'Ron Sharpe,North Carolina,0,NA,0,NA,0,NA,NA,NA
Puff Johnson,North Carolina,0,NA,0,NA,0,NA,NA,NA
Kerwin Walton,North Carolina,0,NA,0,NA,0,NA,NA,NA
RJ Davis,North Carolina,0,NA,0,NA,0,NA,NA,NA
Walker Kessler,North Carolina,0,NA,0,NA,0,NA,NA,NA
Walker Miller,North Carolina,4,0.5,2,0,2,0,0.2,0.8
Sterling Manley,North Carolina,0,NA,0,NA,0,NA,NA,NA
Armando Bacot,North Carolina,46,0.4444444444444444,27,0.375,16,0.043478260869565216,0.13333333333333333,0.06666666666666667
Garrison Brooks,North Carolina,133,0.4246575342465753,73,0.24528301886792453,53,0.11278195488721804,0.07462686567164178,0.05223880597014925
Anthony Harris,North Carolina,0,NA,0,NA,0,NA,NA,NA
Duwe Farris,North Carolina,0,NA,0,NA,0,NA,NA,NA
Creighton Lebo,North Carolina,0,NA,0,NA,0,NA,NA,NA
Ryan McAdoo,North Carolina,3,1,1,0,1,0,0.5,0.5
Rechon 'Leaky' Black,North Carolina,122,0.4411764705882353,68,0.25,48,0.10655737704918032,0.08333333333333333,0.041666666666666664
Andrew Platek,North Carolina,97,0.37735849056603776,53,0.1951219512195122,41,0.12371134020618557,0.07216494845360824,0.09278350515463918
Caleb Love,North Carolina,0,NA,0,NA,0,NA,NA,NA
K.J. Smith,North Carolina,3,1,1,0,1,0,0.5,0.5
Juwan Durham,Notre Dame,25,0.5,14,0.5,6,0.28,0.125,0.041666666666666664
Cormac Ryan,Notre Dame,0,NA,0,NA,0,NA,NA,NA
Elijah Taylor,Notre Dame,0,NA,0,NA,0,NA,NA,NA
Prentiss Hubb,Notre Dame,67,0.45714285714285713,35,0.5263157894736842,19,0.26865671641791045,0.11940298507462686,0.04477611940298507
Trey Wertz,Notre Dame,0,NA,0,NA,0,NA,NA,NA
Tony Sanders Jr.,Notre Dame,0,NA,0,NA,0,NA,NA,NA
Nate Laszewski,Notre Dame,49,0.3333333333333333,24,0.5,16,0.2653061224489796,0.12,0.02
Nikola Djogo,Notre Dame,0,NA,0,NA,0,NA,NA,NA
Robby Carmody,Notre Dame,33,0.375,16,0.4444444444444444,9,0.3333333333333333,0.12121212121212122,0.030303030303030304
Elijah Morgan,Notre Dame,0,NA,0,NA,0,NA,NA,NA
Matt Zona,Notre Dame,0,NA,0,NA,0,NA,NA,NA
Dane Goodwin,Notre Dame,24,0.375,16,0.4444444444444444,9,0.16666666666666666,0.19230769230769232,0.038461538461538464
Eugene Brown III,Ohio State,0,NA,0,NA,0,NA,NA,NA
Harrison Hookfin,Ohio State,8,1,3,0.6666666666666666,3,0.25,0,0
Jansen Davisdon,Ohio State,0,NA,0,NA,0,NA,NA,NA
Zed Key,Ohio State,0,NA,0,NA,0,NA,NA,NA
Abel Porter,Ohio State,141,0.3194444444444444,72,0.35714285714285715,42,0.19858156028368795,0.09154929577464789,0.11267605633802817
Meechie Johnson Jr.,Ohio State,0,NA,0,NA,0,NA,NA,NA
Musa Jallow,Ohio State,0,NA,0,NA,0,NA,NA,NA
Duane Washington Jr.,Ohio State,75,0.4594594594594595,37,0.13636363636363635,22,0.18666666666666668,0.14473684210526316,0.07894736842105263
Ibrahima Diallo,Ohio State,10,1,4,0.5,4,0.2,0,0.1
CJ Walker,Ohio State,62,0.30303030303030304,33,0.13636363636363635,22,0.16129032258064516,0.19047619047619047,0.1746031746031746
Kyle Young,Ohio State,85,0.4090909090909091,44,0.18518518518518517,27,0.18823529411764706,0.1875,0.125
Jimmy Sotos,Ohio State,0,NA,0,NA,0,NA,NA,NA
Justice Sueing,Ohio State,0,NA,0,NA,0,NA,NA,NA
Justin Ahrens,Ohio State,46,0.4166666666666667,24,0.2222222222222222,18,0.17391304347826086,0.07317073170731707,0.12195121951219512
Seth Towns,Ohio State,0,NA,0,NA,0,NA,NA,NA
E.J. Liddell,Ohio State,49,0.38461538461538464,26,0.23529411764705882,17,0.14285714285714285,0.08,0.12
Sam Martin,Cincinnati,0,NA,0,NA,0,NA,NA,NA
Viktor Lakhin,Cincinnati,0,NA,0,NA,0,NA,NA,NA
Adam Cook,Cincinnati,0,NA,0,NA,0,NA,NA,NA
Jeremiah Davenport,Cincinnati,6,0.5,2,1,1,0.3333333333333333,0.16666666666666666,0.5
Keith Williams,Cincinnati,47,0.43478260869565216,23,0.5,8,0.2553191489361702,0.10869565217391304,0.2608695652173913
Mika Adams-Woods,Cincinnati,0,NA,0,NA,0,NA,NA,NA
Rob Banks,Cincinnati,0,NA,0,NA,0,NA,NA,NA
David DeJulius,Cincinnati,0,NA,0,NA,0,NA,NA,NA
Chris Vogt,Cincinnati,18,0.3,10,0.4,5,0.16666666666666666,0.2222222222222222,0.2777777777777778
Jesse Edwards,Syracuse,6,0,1,0,5,0.16666666666666666,0,0.14285714285714285
Jaylen Bartley,Syracuse,0,NA,0,NA,0,NA,NA,NA
Arthur Cordes,Syracuse,0,NA,0,NA,0,NA,NA,NA
Buddy Boeheim,Syracuse,46,0.65,20,0.1,20,0.2608695652173913,0.041666666666666664,0.10416666666666667
John Bol Ajak,Syracuse,0,NA,0,NA,0,NA,NA,NA
Shane Feldman,Syracuse,0,NA,0,NA,0,NA,NA,NA
Quincy Guerrier,Syracuse,20,0.8571428571428571,7,0.2857142857142857,7,0.4,0,0.10526315789473684
Chris LaValle,Syracuse,0,NA,0,NA,0,NA,NA,NA
Frank Anselem,Syracuse,0,NA,0,NA,0,NA,NA,NA
Joseph Girard III,Syracuse,33,0.75,16,0.25,12,0.30303030303030304,0.02857142857142857,0.2
Woody Newton,Syracuse,0,NA,0,NA,0,NA,NA,NA
Chaz Owens,Syracuse,0,NA,0,NA,0,NA,NA,NA
Marek Dolezaj,Syracuse,57,0.6666666666666666,24,0.16,25,0.2807017543859649,0.03389830508474576,0.15254237288135594
Kadary Richmond,Syracuse,0,NA,0,NA,0,NA,NA,NA
Bourama Sidibe,Syracuse,31,0.625,16,0.15384615384615385,13,0.22580645161290322,0.06060606060606061,0.18181818181818182
Robert Braswell,Syracuse,0,NA,0,NA,0,NA,NA,NA
Alan Griffin,Syracuse,21,0.7272727272727273,11,0.6,5,0.23809523809523808,0.05,0.1
Nick Giancola,Syracuse,0,NA,0,NA,0,NA,NA,NA
Casey Morsell,Virginia,84,0.2647058823529412,34,0.21052631578947367,38,0.2261904761904762,0.05063291139240506,0.0759493670886076
Jay Huff,Virginia,89,0.22857142857142856,35,0.2558139534883721,43,0.21348314606741572,0.056818181818181816,0.03409090909090909
Francisco Caffaro,Virginia,0,NA,0,NA,0,NA,NA,NA
Austin Katstra,Virginia,6,0.25,4,0,4,0,0,0.3333333333333333
Trey Murphy III,Virginia,0,NA,0,NA,0,NA,NA,NA
Kadin Shedrick,Virginia,0,NA,0,NA,0,NA,NA,NA
Jabri Abdur-Rahim,Virginia,0,NA,0,NA,0,NA,NA,NA
Chase Coleman,Virginia,13,0.16666666666666666,6,0.16666666666666666,6,0.23076923076923078,0,0.25
Carson McCorkle,Virginia,0,NA,0,NA,0,NA,NA,NA
Tomas Woldetensae,Virginia,21,0.42857142857142855,7,0.3,10,0.19047619047619047,0.047619047619047616,0.047619047619047616
Justin McKoy,Virginia,23,0,8,0.16666666666666666,12,0.2608695652173913,0.04,0.16
Reece Beekman,Virginia,0,NA,0,NA,0,NA,NA,NA
Kody Stattmann,Virginia,81,0.2413793103448276,29,0.2222222222222222,36,0.24691358024691357,0.06172839506172839,0.06172839506172839
Kihei Clark,Virginia,108,0.2619047619047619,42,0.24,50,0.21296296296296297,0.06542056074766354,0.028037383177570093
Malachi Poindexter,Virginia,0,NA,0,NA,0,NA,NA,NA
Jayden Nixon,Virginia,7,0.25,4,0,4,0.14285714285714285,0,0.2857142857142857
Sam Hauser,Virginia,0,NA,0,NA,0,NA,NA,NA
Christian Koloko,Arizona,24,0.2857142857142857,14,0.5,2,0.2916666666666667,0.13043478260869565,0.08695652173913043
Bennedict Mathurin,Arizona,0,NA,0,NA,0,NA,NA,NA
Azuolas Tubelis,Arizona,0,NA,0,NA,0,NA,NA,NA
Jordan Brown,Arizona,0,NA,0,NA,0,NA,NA,NA
Kerr Kriisa,Arizona,0,NA,0,NA,0,NA,NA,NA
Tautvilas Tubelis,Arizona,0,NA,0,NA,0,NA,NA,NA
Grant Weitman,Arizona,0,NA,0,NA,0,NA,NA,NA
Daniel Batcho,Arizona,0,NA,0,NA,0,NA,NA,NA
Matt Weyand,Arizona,2,0.3333333333333333,3,1,1,0,0,0
James Akinjo,Arizona,0,NA,0,NA,0,NA,NA,NA
Jordan Mains,Arizona,0,NA,0,NA,0,NA,NA,NA
Tibet Gorener,Arizona,0,NA,0,NA,0,NA,NA,NA
Jemarl Baker Jr.,Arizona,50,0.44,25,0.2,10,0.34,0.11764705882352941,0.1568627450980392
Dalen Terry,Arizona,0,NA,0,NA,0,NA,NA,NA
Wynton Brown,Northern Arizona,0,NA,0,NA,0,NA,NA,NA
Carson Towt,Northern Arizona,0,NA,0,NA,0,NA,NA,NA
Jackson Larsen,Northern Arizona,0,NA,0,NA,0,NA,NA,NA
Nik Mains,Northern Arizona,22,0.6,15,0.6,5,0,0.09090909090909091,0.18181818181818182
Carter Mahaney,Northern Arizona,0,NA,0,NA,0,NA,NA,NA
Isaiah Lewis,Northern Arizona,43,0.5789473684210527,19,0.4375,16,0.11627906976744186,0.11627906976744186,0.11627906976744186
Ajang Aguek,Northern Arizona,0,NA,0,NA,0,NA,NA,NA
Charles Burns,Northern Arizona,0,NA,0,NA,0,NA,NA,NA
Olgierd Dmochewicz,Northern Arizona,0,NA,0,NA,0,NA,NA,NA
Luke Avdalovic,Northern Arizona,49,0.6551724137931034,29,0.5454545454545454,11,0.10204081632653061,0.1276595744680851,0.1702127659574468
Keith Haymon,Northern Arizona,2,NA,0,0,2,0,0,0
David Cummard,Northern Arizona,1,NA,0,0,1,0,0,0
Cameron Shelton,Northern Arizona,58,0.6451612903225806,31,0.3684210526315789,19,0.10344827586206896,0.10526315789473684,0.10526315789473684
Jay Green,Northern Arizona,0,NA,0,NA,0,NA,NA,NA
Ben Craig,Davidson,0,NA,0,NA,0,NA,NA,NA
Bates Jones,Davidson,50,0.6875,16,0.1875,16,0.22,0.18,0.16
Kellan Grady,Davidson,47,0.7647058823529411,17,0.4,15,0.19148936170212766,0.19148936170212766,0.10638297872340426
Emory Lanier,Davidson,0,NA,0,NA,0,NA,NA,NA
Drew Dibble,Davidson,0,NA,0,NA,0,NA,NA,NA
Sam Mennenga,Davidson,0,NA,0,NA,0,NA,NA,NA
Carter Collins,Davidson,53,0.75,16,0.23809523809523808,21,0.20754716981132076,0.16981132075471697,0.16981132075471697
Michael Jones,Davidson,0,NA,0,NA,0,NA,NA,NA
Hyunjung Lee,Davidson,30,0.5454545454545454,11,0.2222222222222222,9,0.26666666666666666,0.1,0.2
Nelson Boachie-Yiadom,Davidson,1,1,1,NA,0,0,0,0
Grant Huffman,Davidson,0,NA,0,NA,0,NA,NA,NA
David Kristensen,Davidson,4,0,1,0.6666666666666666,3,0,0.25,0
Luka Brajkovic,Davidson,19,0.75,8,0.375,8,0.21052631578947367,0.2,0.2
Brent Jenkins,North Carolina-Wilmington,4,0,3,NA,0,0,0,0
Brian Tolefree,North Carolina-Wilmington,28,0.5384615384615384,13,0.2727272727272727,11,0.10714285714285714,0.13793103448275862,0.13793103448275862
Jake Boggs,North Carolina-Wilmington,34,0.3157894736842105,19,0.2222222222222222,9,0.11764705882352941,0.1875,0.0625
John Bowen,North Carolina-Wilmington,24,0.29411764705882354,17,0.4,5,0.125,0.14285714285714285,0.14285714285714285
Shykeim Phillips,North Carolina-Wilmington,29,0.4117647058823529,17,0.4,10,0.034482758620689655,0.07142857142857142,0.10714285714285714
Imajae Dodd,North Carolina-Wilmington,17,0.625,8,0.4444444444444444,9,0.058823529411764705,0.21052631578947367,0.15789473684210525
Ja'Juan Carr,North Carolina-Wilmington,0,NA,0,NA,0,NA,NA,NA
Ian Steere,North Carolina-Wilmington,0,NA,0,NA,0,NA,NA,NA
Ty Gadsden,North Carolina-Wilmington,0,NA,0,NA,0,NA,NA,NA
Jamahri Harvey,North Carolina-Wilmington,0,NA,0,NA,0,NA,NA,NA
Jack Mehrtens,North Carolina-Wilmington,0,NA,0,NA,0,NA,NA,NA
Jay Estime',North Carolina-Wilmington,49,0.40625,32,0.2857142857142857,14,0.14285714285714285,0.10416666666666667,0.14583333333333334
Mike Okauru,North Carolina-Wilmington,44,0.41935483870967744,31,0.4375,16,0.06818181818181818,0.09090909090909091,0.06818181818181818
Jaylen Sims,North Carolina-Wilmington,44,0.41379310344827586,29,0.3076923076923077,13,0.09090909090909091,0.11627906976744186,0.09302325581395349
Kyle Arrington,Siena,0,NA,0,NA,0,NA,NA,NA
Jalen Pickett,Siena,66,0.4878048780487805,41,0.3125,16,0.15151515151515152,0.12121212121212122,0.13636363636363635
Jackson Stormo,Siena,0,NA,0,NA,0,NA,NA,NA
Dana Tate Jr.,Siena,0,NA,0,NA,0,NA,NA,NA
Colin Golson Jr.,Siena,0,NA,0,NA,0,NA,NA,NA
Jordan King,Siena,38,0.4583333333333333,24,0.4444444444444444,9,0.13157894736842105,0.18421052631578946,0.13157894736842105
Robert Mahala,Siena,4,0.5,2,NA,0,0,0,0.25
Aidan Carpenter,Siena,0,NA,0,NA,0,NA,NA,NA
Kyle Young,Siena,85,0.4090909090909091,44,0.18518518518518517,27,0.18823529411764706,0.1875,0.125
Nick Hopkins,Siena,0,NA,0,NA,0,NA,NA,NA
Steven Lazar,Siena,0,NA,0,NA,0,NA,NA,NA
Jason Hawkes,Siena,0,NA,0,NA,0,NA,NA,NA
Gary Harris Jr.,Siena,31,0.4,15,0.45454545454545453,11,0.16129032258064516,0.1875,0.125
Harrison Curry,Siena,0,NA,0,NA,0,NA,NA,NA
Denzel Tchougang,Siena,0,NA,0,NA,0,NA,NA,NA
Bennett Kwiecinski,Siena,0,NA,0,NA,0,NA,NA,NA
Zion Griffin,Illinois-Chicago,0,NA,0,NA,0,NA,NA,NA
Braelen Bridges,Illinois-Chicago,32,0.6153846153846154,13,0.5714285714285714,14,0.25,0.0967741935483871,0.03225806451612903
Demetrius Calip II,Illinois-Chicago,0,NA,0,NA,0,NA,NA,NA
Brian Taylor,Illinois-Chicago,52,0.6666666666666666,21,0.4117647058823529,17,0.23076923076923078,0.13725490196078433,0.17647058823529413
Jacob Wiley,Illinois-Chicago,37,0.7058823529411765,17,0.36363636363636365,11,0.1891891891891892,0.15789473684210525,0.15789473684210525
Jamie Ahale,Illinois-Chicago,34,0.6923076923076923,13,0.625,16,0.17647058823529413,0.1388888888888889,0.08333333333333333
Teyvion Kirk,Illinois-Chicago,0,NA,0,NA,0,NA,NA,NA
Treavon Martin,Illinois-Chicago,0,NA,0,NA,0,NA,NA,NA
Rob Howard,Illinois-Chicago,0,NA,0,NA,0,NA,NA,NA
Griffin Yaklich,Illinois-Chicago,0,NA,0,NA,0,NA,NA,NA
Michael Diggins,Illinois-Chicago,68,0.64,25,0.5384615384615384,26,0.19117647058823528,0.12121212121212122,0.12121212121212122
Maurice Commander,Illinois-Chicago,0,NA,0,NA,0,NA,NA,NA
Rayquawndis Mitchell,Illinois-Chicago,0,NA,0,NA,0,NA,NA,NA
Jalen Johnson,Illinois-Chicago,30,0.4666666666666667,15,0.38461538461538464,13,0.16666666666666666,0.13333333333333333,0.1
Brad Bowditch,Illinois-Chicago,0,NA,0,NA,0,NA,NA,NA
Deon Ejim,Illinois-Chicago,42,0.6923076923076923,13,0.6,15,0.16666666666666666,0.14285714285714285,0.09523809523809523
Mykell Robinson,North Texas,0,NA,0,NA,0,NA,NA,NA
Abou Ousmane,North Texas,0,NA,0,NA,0,NA,NA,NA
Terence Lewis II,North Texas,0,NA,0,NA,0,NA,NA,NA
Mardrez McBride,North Texas,0,NA,0,NA,0,NA,NA,NA
Thomas Bell,North Texas,44,0.38461538461538464,13,0.4375,16,0.3181818181818182,0.09523809523809523,0.23809523809523808
Jahmiah Simmons,North Texas,10,0.6666666666666666,3,0.75,4,0.2,0.16666666666666666,0.08333333333333333
Javion Hamlet,North Texas,39,0.4166666666666667,12,0.375,16,0.28205128205128205,0.11764705882352941,0.17647058823529413
James Reese,North Texas,52,0.3333333333333333,18,0.4090909090909091,22,0.28846153846153844,0.06,0.18
JJ Murray,North Texas,0,NA,0,NA,0,NA,NA,NA
Larry Wise,North Texas,8,1,2,0.75,4,0.25,0.1,0.1
Keith Barnes,North Texas,0,NA,0,NA,0,NA,NA,NA
Zachary Simmons,North Texas,44,0.2857142857142857,14,0.4117647058823529,17,0.25,0.09523809523809523,0.19047619047619047
Rubin Jones,North Texas,0,NA,0,NA,0,NA,NA,NA
Jalen Jackson,North Texas,1,NA,0,NA,0,1,NA,NA
Jordan Reeves-Young,Eastern Kentucky,0,NA,0,NA,0,NA,NA,NA
Michael Moreno,Eastern Kentucky,39,0.64,25,0.14285714285714285,7,0.20512820512820512,0.11904761904761904,0.07142857142857142
Isaiah Minter,Eastern Kentucky,0,NA,0,NA,0,NA,NA,NA
JacQuess Hobbs,Eastern Kentucky,48,0.6153846153846154,26,0,7,0.25,0.15217391304347827,0.10869565217391304
Tariq Balogun,Eastern Kentucky,0,NA,0,NA,0,NA,NA,NA
Cameron Carmical,Eastern Kentucky,7,0.6,5,NA,0,0.2857142857142857,0,0
Jomaru Brown,Eastern Kentucky,32,0.6842105263157895,19,0.2857142857142857,7,0.1875,0.1388888888888889,0.05555555555555555
Cooper Robb,Eastern Kentucky,0,NA,0,NA,0,NA,NA,NA
Cheikh Faye,Eastern Kentucky,0,NA,0,NA,0,NA,NA,NA
Caleb Mitchell,Eastern Kentucky,0,NA,0,NA,0,NA,NA,NA
Curt Lewis,Eastern Kentucky,0,NA,0,NA,0,NA,NA,NA
Tre King,Eastern Kentucky,47,0.7142857142857143,28,0.14285714285714285,7,0.2127659574468085,0.10638297872340426,0.0851063829787234
Matt Cromer,Eastern Kentucky,0,NA,0,NA,0,NA,NA,NA
Devontae Blanton,Eastern Kentucky,0,NA,0,NA,0,NA,NA,NA
Peyton Broughton,Eastern Kentucky,0,NA,0,NA,0,NA,NA,NA
Wendell Green Jr.,Eastern Kentucky,0,NA,0,NA,0,NA,NA,NA
Russhard Cruickshank,Eastern Kentucky,63,0.6470588235294118,34,0.09090909090909091,11,0.23809523809523808,0.1746031746031746,0.09523809523809523
Rabby Kamona,Eastern Kentucky,0,NA,0,NA,0,NA,NA,NA
Jacob Jennissen,Colorado State,0,NA,0,NA,0,NA,NA,NA
Adam Thistlewood,Colorado State,41,0.7307692307692307,26,0.16666666666666666,12,0.04878048780487805,0.15,0.075
Isaiah Stevens,Colorado State,63,0.7,40,0.2,20,0.09523809523809523,0.12903225806451613,0.06451612903225806
Kendle Moore,Colorado State,51,0.7142857142857143,28,0.23529411764705882,17,0.11764705882352941,0.09803921568627451,0.0784313725490196
Dischon Thomas,Colorado State,26,0.6875,16,0.1,10,0.19230769230769232,0.03571428571428571,0.14285714285714285
Isaiah Rivera,Colorado State,0,NA,0,NA,0,NA,NA,NA
P.J. Byrd,Colorado State,0,NA,0,NA,0,NA,NA,NA
James Moors,Colorado State,0,NA,0,NA,0,NA,NA,NA
David Roddy,Colorado State,40,0.6153846153846154,26,0.18181818181818182,11,0.175,0.07317073170731707,0.17073170731707318
Nick Bassett,Colorado State,0,NA,0,NA,0,NA,NA,NA
John Tonje,Colorado State,25,0.7222222222222222,18,0.125,8,0.16,0.125,0.08333333333333333
Trace Young,Colorado State,0,NA,0,NA,0,NA,NA,NA
Seneca Knight,LSU,0,NA,0,NA,0,NA,NA,NA
Mwani Wilkinson,LSU,0,NA,0,NA,0,NA,NA,NA
Josh LeBlanc Sr.,LSU,0,NA,0,NA,0,NA,NA,NA
Darius Days,LSU,90,0.3409090909090909,44,0.35135135135135137,37,0.12222222222222222,0.06741573033707865,0.14606741573033707
Bryan Penn-Johnson,LSU,0,NA,0,NA,0,NA,NA,NA
Javonte Smart,LSU,0,NA,0,NA,0,NA,NA,NA
Charles Manning Jr.,LSU,112,0.33962264150943394,53,0.425531914893617,47,0.13392857142857142,0.07758620689655173,0.14655172413793102
Jalen Cook,LSU,0,NA,0,NA,0,NA,NA,NA
Brandon Egemo,LSU,0,NA,0,NA,0,NA,NA,NA
Josh Gray,LSU,0,NA,0,NA,0,NA,NA,NA
Trendon Watford,LSU,112,0.4074074074074074,54,0.3181818181818182,44,0.16964285714285715,0.08181818181818182,0.13636363636363635
Parker Edwards,LSU,0,NA,0,NA,0,NA,NA,NA
Eric Gaines,LSU,0,NA,0,NA,0,NA,NA,NA
Cameron Thomas,LSU,0,NA,0,NA,0,NA,NA,NA
Shareef O'Neal,LSU,0,NA,0,NA,0,NA,NA,NA
Aundre Hyatt,LSU,42,0.5333333333333333,15,0.26666666666666666,15,0.21428571428571427,0.07692307692307693,0.20512820512820512
Isaac Elsasser,Bowling Green,0,NA,0,NA,0,NA,NA,NA
Justin Turner,Bowling Green,74,0.5405405405405406,37,0.2857142857142857,14,0.20270270270270271,0.1232876712328767,0.1917808219178082
Josiah Fulcher,Bowling Green,0,NA,0,NA,0,NA,NA,NA
Davin Zeigler,Bowling Green,0,NA,0,NA,0,NA,NA,NA
Daeqwon Plowden,Bowling Green,57,0.5517241379310345,29,0.3333333333333333,12,0.17543859649122806,0.12280701754385964,0.15789473684210525
Chandler Turner,Bowling Green,0,NA,0,NA,0,NA,NA,NA
Jacob Washington,Bowling Green,0,NA,0,NA,0,NA,NA,NA
Trey Diggs,Bowling Green,34,0.5384615384615384,13,0.6,5,0.23529411764705882,0.05714285714285714,0.2857142857142857
Cam Young,Bowling Green,0,NA,0,NA,0,NA,NA,NA
Kaden Metheny,Bowling Green,0,NA,0,NA,0,NA,NA,NA
Caleb Fields,Bowling Green,67,0.5,34,0.3076923076923077,13,0.19402985074626866,0.1323529411764706,0.14705882352941177
Jackson Watson,Bowling Green,0,NA,0,NA,0,NA,NA,NA
Matiss Kulackovskis,Bowling Green,12,0.25,4,0.6,5,0.3333333333333333,0,0.2
Dylan Swingle,Bowling Green,11,0.6666666666666666,6,0.5,2,0.36363636363636365,0.1,0.1
A.J. McGinnis,UNC Greensboro,0,NA,0,NA,0,NA,NA,NA
Isaiah Miller,UNC Greensboro,41,0.45,20,0.5384615384615384,13,0.17073170731707318,0.09523809523809523,0.19047619047619047
Michael Hueitt Jr.,UNC Greensboro,27,0.6428571428571429,14,0.3076923076923077,13,0.1111111111111111,0.14285714285714285,0.07142857142857142
Arnas Adomavicius,UNC Greensboro,0,NA,0,NA,0,NA,NA,NA
Reggie Raynor,UNC Greensboro,0,NA,0,NA,0,NA,NA,NA
Hayden Koval,UNC Greensboro,133,0.5783132530120482,83,0.5897435897435898,39,0.15789473684210525,0.06299212598425197,0.11811023622047244
Dericko Williams,UNC Greensboro,0,NA,0,NA,0,NA,NA,NA
Kaleb Hunter,UNC Greensboro,51,0.5416666666666666,24,0.3888888888888889,18,0.13725490196078433,0.04081632653061224,0.20408163265306123
Kobe Langley,UNC Greensboro,0,NA,0,NA,0,NA,NA,NA
Angelo Allegri,UNC Greensboro,32,0.3125,16,0.3076923076923077,13,0.1875,0.09375,0.1875
Khyre Thompson,UNC Greensboro,0,NA,0,NA,0,NA,NA,NA
J.C. Tharrington,UNC Greensboro,0,NA,0,NA,0,NA,NA,NA
Mohammed Abdulsalam,UNC Greensboro,13,0.2857142857142857,7,0.5,4,0.3076923076923077,0.15384615384615385,0.15384615384615385
Keyshaun Langley,UNC Greensboro,33,0.4,15,0.4375,16,0.15151515151515152,0.058823529411764705,0.17647058823529413
Jarrett Hensley,UNC Greensboro,0,NA,0,NA,0,NA,NA,NA
Ryan Tankelewicz,UNC Greensboro,0,NA,0,NA,0,NA,NA,NA
Bas Leyte,UNC Greensboro,13,0.4,5,0.3333333333333333,6,0.23076923076923078,0,0.08333333333333333
Jake Furgerson,Weber State,0,NA,0,NA,0,NA,NA,NA
Tavian Percy,Weber State,0,NA,0,NA,0,NA,NA,NA
Michal Kozak,Weber State,32,0.6538461538461539,26,0.3,10,0.0625,0.15151515151515152,0.12121212121212122
Mitch Brizee,Weber State,0,NA,0,NA,0,NA,NA,NA
Hunter Humphrey,Weber State,0,NA,0,NA,0,NA,NA,NA
Dillon Jones,Weber State,0,NA,0,NA,0,NA,NA,NA
Isiah Brown,Weber State,0,NA,0,NA,0,NA,NA,NA
Seikou Sisoho Jawara,Weber State,0,NA,0,NA,0,NA,NA,NA
Darweshi Hunter,Weber State,0,NA,0,NA,0,NA,NA,NA
Cody Carlson,Weber State,0,NA,0,NA,0,NA,NA,NA
David Nzekwesi,Weber State,38,0.5185185185185185,27,0.42105263157894735,19,0.13157894736842105,0.02564102564102564,0.15384615384615385
KJ Cunningham,Weber State,45,0.6060606060606061,33,0.4,10,0.17777777777777778,0.045454545454545456,0.06818181818181818
Zahir Porter,Weber State,0,NA,0,NA,0,NA,NA,NA
Dontay Bassett,Weber State,14,0.4,5,0.3,10,0.21428571428571427,0,0.23076923076923078
Josh Sanders,Weber State,0,NA,0,NA,0,NA,NA,NA
Donatas Kupsas,Weber State,47,0.6571428571428571,35,0.45454545454545453,11,0.14893617021276595,0.11363636363636363,0.06818181818181818
Kham Davis,Weber State,0,NA,0,NA,0,NA,NA,NA
Nate Roberts,Washington,2,0,1,0,1,0,0,0
Travis Rice,Washington,0,NA,0,NA,0,NA,NA,NA
Dominiq Penn,Washington,0,NA,0,NA,0,NA,NA,NA
Noah Neubauer,Washington,0,NA,0,NA,0,NA,NA,NA
Hameir Wright,Washington,102,0.288135593220339,59,0.28125,32,0.21568627450980393,0.07692307692307693,0.07692307692307693
Reagan Lundeen,Washington,0,NA,0,NA,0,NA,NA,NA
Quade Green,Washington,111,0.375,56,0.358974358974359,39,0.2072072072072072,0.09649122807017543,0.09649122807017543
Marcus Tsohonis,Washington,0,NA,0,NA,0,NA,NA,NA
Nate Pryor,Washington,0,NA,0,NA,0,NA,NA,NA
Raequan Battle,Washington,0,NA,0,NA,0,NA,NA,NA
Cole Bajema,Washington,0,NA,0,NA,0,NA,NA,NA
J'Raan Brooks,Washington,0,NA,0,NA,0,NA,NA,NA
Griff Hopkins,Washington,0,NA,0,NA,0,NA,NA,NA
Jamal Bey,Washington,63,0.3023255813953488,43,0.375,16,0.23809523809523808,0.0847457627118644,0.1016949152542373
Riley Sorn,Washington,0,NA,0,NA,0,NA,NA,NA
Jonah Geron,Washington,0,NA,0,NA,0,NA,NA,NA
Kyle Luttinen,Washington,0,NA,0,NA,0,NA,NA,NA
Erik Stevenson,Washington,0,NA,0,NA,0,NA,NA,NA
Alex Christie,Stony Brook,1,1,1,NA,0,0,NA,NA
Tyler Stephenson-Moore,Stony Brook,0,NA,0,NA,0,NA,NA,NA
Lenny Kadisha,Stony Brook,0,NA,0,NA,0,NA,NA,NA
Tavin Pierre Philippe,Stony Brook,14,0.5454545454545454,11,0.4,5,0.07142857142857142,0,0.3076923076923077
Omar Habwe,Stony Brook,34,0.3684210526315789,19,0.2222222222222222,9,0.2647058823529412,0.16666666666666666,0.1
Jaden Sayles,Stony Brook,0,NA,0,NA,0,NA,NA,NA
Juwan White,Stony Brook,0,NA,0,NA,0,NA,NA,NA
Jordan McKenzie,Stony Brook,22,0.2,15,0.5,6,0.22727272727272727,0.08333333333333333,0.25
Leighton Elliott-Sewell,Stony Brook,0,NA,0,NA,0,NA,NA,NA
Juan Felix Rodriguez,Stony Brook,0,NA,0,NA,0,NA,NA,NA
Frankie Policelli,Stony Brook,0,NA,0,NA,0,NA,NA,NA
Mouhamadou Gueye,Stony Brook,53,0.46153846153846156,39,0.3076923076923077,13,0.09433962264150944,0.0784313725490196,0.11764705882352941
Tykei Greene,Stony Brook,0,NA,0,NA,0,NA,NA,NA
Mohamed Diallo,Stony Brook,0,NA,0,NA,0,NA,NA,NA
Andrew Jones,Texas,34,0.4117647058823529,17,0.5,12,0.29411764705882354,0.03125,0.0625
Greg Brown III,Texas,0,NA,0,NA,0,NA,NA,NA
Drayton Whiteside,Texas,0,NA,0,NA,0,NA,NA,NA
Jase Febres,Texas,58,0.3902439024390244,41,0.42857142857142855,14,0.2413793103448276,0.0847457627118644,0.11864406779661017
Blake Nevins,Texas,0,NA,0,NA,0,NA,NA,NA
Matt Coleman III,Texas,60,0.3953488372093023,43,0.5,14,0.23333333333333334,0.07936507936507936,0.1111111111111111
Jericho Sims,Texas,28,0.47368421052631576,19,0.25,4,0.32142857142857145,0.06666666666666667,0.13333333333333333
Donovan Williams,Texas,2,0,1,1,1,0,0,0
Kamaka Hepa,Texas,1,1,1,NA,0,0,0,0
Royce Hamm Jr.,Texas,21,0.2857142857142857,14,0.5555555555555556,9,0.19047619047619047,0.15789473684210525,0.10526315789473684
Kai Jones,Texas,0,NA,0,NA,0,NA,NA,NA
Andrew Deutser,Texas,0,NA,0,NA,0,NA,NA,NA
Courtney Ramey,Texas,43,0.34285714285714286,35,0.46153846153846156,13,0.13953488372093023,0.08888888888888889,0.13333333333333333
Brock Cunningham,Texas,0,NA,0,NA,0,NA,NA,NA
K.J. Simon,Bethune-Cookman,0,NA,0,NA,0,NA,NA,NA
Kendall Bean,Bethune-Cookman,0,NA,0,NA,0,NA,NA,NA
Khalyl Simmons,Bethune-Cookman,0,NA,0,NA,0,NA,NA,NA
Zen Goodridge,Bethune-Cookman,4,0,1,0.5,2,0,0,0.25
Jeff Coulanges,Bethune-Cookman,0,NA,0,NA,0,NA,NA,NA
Shakur Poteat,Bethune-Cookman,0,NA,0,NA,0,NA,NA,NA
Justyn King,Bethune-Cookman,41,0.5555555555555556,18,0.36363636363636365,11,0.2682926829268293,0.05128205128205128,0.1282051282051282
Calvin Poulina,Bethune-Cookman,0,NA,0,NA,0,NA,NA,NA
Mikey West,Bethune-Cookman,0,NA,0,NA,0,NA,NA,NA
Collins Joseph,Bethune-Cookman,0,NA,0,NA,0,NA,NA,NA
Alex Ismail,Bethune-Cookman,0,NA,0,NA,0,NA,NA,NA
Matthew Mondesir,Bethune-Cookman,0,NA,0,NA,0,NA,NA,NA
Dequan Morris,Arkansas-Pine Bluff,66,0.7741935483870968,31,0.3125,16,0.18181818181818182,0.1791044776119403,0.13432835820895522
Rylan Woods,Arkansas-Pine Bluff,0,NA,0,NA,0,NA,NA,NA
Jalen Lynn,Arkansas-Pine Bluff,0,NA,0,NA,0,NA,NA,NA
Daveon Doolittle,Arkansas-Pine Bluff,0,NA,0,NA,0,NA,NA,NA
Robert Boyd,Arkansas-Pine Bluff,41,0.7222222222222222,18,0.35714285714285715,14,0.17073170731707318,0.15,0.125
Kshun Stokes,Arkansas-Pine Bluff,0,NA,0,NA,0,NA,NA,NA
Alvin Stredic Jr.,Arkansas-Pine Bluff,19,0.7,10,0,3,0.2631578947368421,0.15789473684210525,0.21052631578947367
Travonta Doolittle,Arkansas-Pine Bluff,0,NA,0,NA,0,NA,NA,NA
George Ivory III,Arkansas-Pine Bluff,0,NA,0,NA,0,NA,NA,NA
Joshuwan Johnson,Arkansas-Pine Bluff,0,NA,0,NA,0,NA,NA,NA
Cameron Posey,Arkansas-Pine Bluff,0,NA,0,NA,0,NA,NA,NA
Markedric Bell,Arkansas-Pine Bluff,40,0.85,20,0.375,16,0.125,0.18181818181818182,0.11363636363636363
Kobe Hargrove,Arkansas-Pine Bluff,0,NA,0,NA,0,NA,NA,NA
Omar Parchman,Arkansas-Pine Bluff,0,NA,0,NA,0,NA,NA,NA
Nicholas Jones,Arkansas-Pine Bluff,0,NA,0,NA,0,NA,NA,NA
Shaun Doss,Arkansas-Pine Bluff,49,0.7692307692307693,26,0.2727272727272727,11,0.14285714285714285,0.20833333333333334,0.14583333333333334
Terrance Banyard,Arkansas-Pine Bluff,37,0.8888888888888888,18,0.3333333333333333,12,0.16216216216216217,0.1794871794871795,0.1282051282051282
Antwan Walker,Rhode Island,0,NA,0,NA,0,NA,NA,NA
Jeremy Sheppard,Rhode Island,0,NA,0,NA,0,NA,NA,NA
Makhel Mitchell,Rhode Island,15,0.5,12,0.2,5,0.06666666666666667,0.23076923076923078,0.15384615384615385
Ileri Ayo-Faleye,Rhode Island,0,NA,0,NA,0,NA,NA,NA
Umberto Brusadin,Rhode Island,0,NA,0,NA,0,NA,NA,NA
Jermaine Harris,Rhode Island,35,0.4444444444444444,18,0.375,8,0.34285714285714286,0.030303030303030304,0.09090909090909091
Malik Martin,Rhode Island,0,NA,0,NA,0,NA,NA,NA
Ishmael Leggett,Rhode Island,0,NA,0,NA,0,NA,NA,NA
Jalen Carey,Rhode Island,24,0.5,8,0.07692307692307693,13,0.25,0.041666666666666664,0.08333333333333333
Makhi Mitchell,Rhode Island,30,0.4666666666666667,15,0.4,10,0.26666666666666666,0.03333333333333333,0.16666666666666666
Brandon Borde,Rhode Island,0,NA,0,NA,0,NA,NA,NA
Allen Betrand,Rhode Island,0,NA,0,NA,0,NA,NA,NA
D.J. Johnson,Rhode Island,0,NA,0,NA,0,NA,NA,NA
Tres Berry,Rhode Island,0,NA,0,NA,0,NA,NA,NA
Devonaire Doutrive,Boise State,0,NA,0,NA,0,NA,NA,NA
Emmanuel Akot,Boise State,0,NA,0,NA,0,NA,NA,NA
Max Rice,Boise State,24,0.625,16,1,6,0.08333333333333333,0.11538461538461539,0.038461538461538464
Abu Kigab,Boise State,0,NA,0,NA,0,NA,NA,NA
Pavle Kuzmanovic,Boise State,0,NA,0,NA,0,NA,NA,NA
Donovan Ivory,Boise State,6,0.3333333333333333,3,0,3,0.5,0,0.16666666666666666
Burke Smith,Boise State,0,NA,0,NA,0,NA,NA,NA
Naje Smith,Boise State,0,NA,0,NA,0,NA,NA,NA
Lukas Milner,Boise State,0,NA,0,NA,0,NA,NA,NA
Kasean Pryor,Boise State,0,NA,0,NA,0,NA,NA,NA
Sam Winter,Boise State,0,NA,0,NA,0,NA,NA,NA
Marcus Shaver Jr.,Boise State,0,NA,0,NA,0,NA,NA,NA
Mladen Armus,Boise State,0,NA,0,NA,0,NA,NA,NA
Rayj Dennis,Boise State,29,0.7058823529411765,17,0.6666666666666666,6,0.1724137931034483,0.0967741935483871,0.06451612903225806
Derrick Alston,Boise State,68,0.717948717948718,39,0.6,15,0.17647058823529413,0.10144927536231885,0.043478260869565216
Raiquan Gray,Florida State,38,0.25,16,0.21428571428571427,14,0.3157894736842105,0.10526315789473684,0.10526315789473684
Scottie Barnes,Florida State,0,NA,0,NA,0,NA,NA,NA
Harrison Prieto,Florida State,0,NA,0,NA,0,NA,NA,NA
M.J. Walker,Florida State,56,0.38461538461538464,26,0.125,16,0.2857142857142857,0.14814814814814814,0.1111111111111111
Sardaar Calhoun,Florida State,0,NA,0,NA,0,NA,NA,NA
Isaac Spainhour,Florida State,0,NA,0,NA,0,NA,NA,NA
Tanor Ngom,Florida State,0,NA,0,NA,0,NA,NA,NA
Justin Lindner,Florida State,0,NA,0,NA,0,NA,NA,NA
Nathanael Jack,Florida State,0,NA,0,NA,0,NA,NA,NA
Will Miles,Florida State,0,NA,0,NA,0,NA,NA,NA
Cleveland Yates,Florida State,0,NA,0,NA,0,NA,NA,NA
Rayquan Evans,Florida State,0,NA,0,NA,0,NA,NA,NA
Malik Osborne,Florida State,42,0.3333333333333333,18,0.13333333333333333,15,0.3333333333333333,0.16666666666666666,0.07142857142857142
Wyatt Wilkes,Florida State,10,0.16666666666666666,6,0,4,0.2,0.1111111111111111,0.1111111111111111
Anthony Polite,Florida State,29,0.3888888888888889,18,0.3333333333333333,9,0.1724137931034483,0.19230769230769232,0.07692307692307693
Travis Light,Florida State,0,NA,0,NA,0,NA,NA,NA
Quincy Ballard,Florida State,0,NA,0,NA,0,NA,NA,NA
Max Thorpe,Florida State,0,NA,0,NA,0,NA,NA,NA
Balsa Koprivica,Florida State,9,0.3333333333333333,3,0.4,5,0.1111111111111111,0.2222222222222222,0.1111111111111111
Michael Akuchie,Youngstown State,41,0.6774193548387096,31,0.36363636363636365,11,0.07317073170731707,0.046511627906976744,0.11627906976744186
Cheick Traore,Youngstown State,0,NA,0,NA,0,NA,NA,NA
William Dunn,Youngstown State,0,NA,0,NA,0,NA,NA,NA
Garrett Covington,Youngstown State,39,0.6538461538461539,26,0.4,10,0.1794871794871795,0.05263157894736842,0.07894736842105263
Greyson Kelley,Youngstown State,0,NA,0,NA,0,NA,NA,NA
Carson Ryan,Youngstown State,0,NA,0,NA,0,NA,NA,NA
Myles Hunter,Youngstown State,0,NA,0,NA,0,NA,NA,NA
Alex Vargo,Youngstown State,0,NA,0,NA,0,NA,NA,NA
Geoff Hamperian,Youngstown State,1,1,1,NA,0,0,0,0
Kenny Ganley Jr.,Youngstown State,0,NA,0,NA,0,NA,NA,NA
Christian Bentley,Youngstown State,17,0.2222222222222222,9,0.4,10,0,0.05555555555555555,0.16666666666666666
Shemar Rathan-Mayes,Youngstown State,0,NA,0,NA,0,NA,NA,NA
Daniel Ogoro,Youngstown State,0,NA,0,NA,0,NA,NA,NA
Jamir Thomas,Youngstown State,37,0.42105263157894735,19,0.21428571428571427,14,0.10810810810810811,0.058823529411764705,0.11764705882352941
Trey Sides,Youngstown State,43,0.7272727272727273,22,0.23529411764705882,17,0.13953488372093023,0.11904761904761904,0.11904761904761904
Naz Bohannon,Youngstown State,57,0.6285714285714286,35,0.3684210526315789,19,0.12280701754385964,0.07272727272727272,0.09090909090909091
Caleb Bates,Massachusetts-Lowell,0,NA,0,NA,0,NA,NA,NA
Richie Greaves,Massachusetts-Lowell,0,NA,0,NA,0,NA,NA,NA
Max Brooks,Massachusetts-Lowell,0,NA,0,NA,0,NA,NA,NA
Obadiah Noel,Massachusetts-Lowell,61,0.6071428571428571,28,0.4090909090909091,22,0.19672131147540983,0.11290322580645161,0.16129032258064516
Darion Jordan-Thomas,Massachusetts-Lowell,0,NA,0,NA,0,NA,NA,NA
Ron Mitchell,Massachusetts-Lowell,22,0.6,10,0.16666666666666666,6,0.22727272727272727,0.13636363636363635,0.13636363636363635
Anthony Blunt,Massachusetts-Lowell,0,NA,0,NA,0,NA,NA,NA
Bryce Daley,Massachusetts-Lowell,0,NA,0,NA,0,NA,NA,NA
Charlie Russell Jr.,Massachusetts-Lowell,0,NA,0,NA,0,NA,NA,NA
Gregory Hammond,Massachusetts-Lowell,7,0.5,4,0,1,0.2857142857142857,0,0
Allin Blunt,Massachusetts-Lowell,19,0.7142857142857143,7,0.6666666666666666,6,0.3157894736842105,0.16666666666666666,0.16666666666666666
Kalil Thomas,Massachusetts-Lowell,22,0.6,15,0.4,5,0.09090909090909091,0.16666666666666666,0.16666666666666666
Connor Withers,Massachusetts-Lowell,52,0.5925925925925926,27,0.35294117647058826,17,0.19230769230769232,0.12727272727272726,0.12727272727272726
Salif Boudie,Massachusetts-Lowell,0,NA,0,NA,0,NA,NA,NA
Jayvis Harvey,James Madison,27,0.6111111111111112,18,0.1,10,0.07407407407407407,0.06896551724137931,0.034482758620689655
Julien Wooden,James Madison,26,0.5,14,0.1,10,0.19230769230769232,0.11538461538461539,0.07692307692307693
TJ Taylor,James Madison,0,NA,0,NA,0,NA,NA,NA
Terrence Edwards,James Madison,0,NA,0,NA,0,NA,NA,NA
Michael Christmas,James Madison,42,0.4642857142857143,28,0.21428571428571427,14,0.14285714285714285,0.11904761904761904,0.023809523809523808
Matt Lewis,James Madison,61,0.5135135135135135,37,0.14285714285714285,21,0.14754098360655737,0.11864406779661017,0.01694915254237288
Jalen Hodge,James Madison,0,NA,0,NA,0,NA,NA,NA
Vado Morse,James Madison,59,0.5161290322580645,31,0.3125,16,0.2542372881355932,0.12727272727272726,0.10909090909090909
Rashawn Fredericks,James Madison,0,NA,0,NA,0,NA,NA,NA
Tyce McNair,James Madison,0,NA,0,NA,0,NA,NA,NA
Hollman Smith,James Madison,0,NA,0,NA,0,NA,NA,NA
Joel Mensah,James Madison,0,NA,0,NA,0,NA,NA,NA
Terell Strickland,James Madison,0,NA,0,NA,0,NA,NA,NA
Zach Jacobs,James Madison,62,0.5263157894736842,38,0.18181818181818182,22,0.16129032258064516,0.1,0.03333333333333333
Justin Amadi,James Madison,0,NA,0,NA,0,NA,NA,NA
Yarden Willis,Binghamton,48,0.6,35,0.3333333333333333,21,0.0625,0.12244897959183673,0.08163265306122448
Thomas Bruce,Binghamton,0,NA,0,NA,0,NA,NA,NA
Dan Petcash,Binghamton,22,0.5,16,0.16666666666666666,6,0.09090909090909091,0.09523809523809523,0.14285714285714285
Ogheneyole Akuwovo,Binghamton,0,NA,0,NA,0,NA,NA,NA
George Tinsley,Binghamton,65,0.6304347826086957,46,0.30434782608695654,23,0.046153846153846156,0.13846153846153847,0.07692307692307693
Bryce Beamer,Binghamton,0,NA,0,NA,0,NA,NA,NA
Leo Gallagher,Binghamton,8,0.8333333333333334,6,0,3,0.125,0.14285714285714285,0.2857142857142857
Hunter Crist,Binghamton,11,0.4444444444444444,9,0.6666666666666666,3,0,0,0.21428571428571427
Ador Athuai,Binghamton,17,0.75,12,0,3,0.058823529411764705,0.125,0.1875
Tyler Bertram,Binghamton,0,NA,0,NA,0,NA,NA,NA
Alex Brodsky,Binghamton,0,NA,0,NA,0,NA,NA,NA
Kellen Amos,Binghamton,0,NA,0,NA,0,NA,NA,NA
Hakon Hjalmarsson,Binghamton,23,0.5625,16,0.14285714285714285,7,0.043478260869565216,0.125,0.125
Tommy Dempsey,Binghamton,0,NA,0,NA,0,NA,NA,NA
Christian Hinckson,Binghamton,0,NA,0,NA,0,NA,NA,NA
Tyler Underwood,Illinois,2,0,1,1,1,0.5,0,0
Jacob Grandison,Illinois,0,NA,0,NA,0,NA,NA,NA
Brandon Lieb,Illinois,0,NA,0,NA,0,NA,NA,NA
Andre Curbelo,Illinois,0,NA,0,NA,0,NA,NA,NA
Jermaine Hamlin,Illinois,2,0,1,1,1,0.5,0,0
Adam Miller,Illinois,0,NA,0,NA,0,NA,NA,NA
Austin Hutcherson,Illinois,0,NA,0,NA,0,NA,NA,NA
Edgar Padilla Jr.,Illinois,0,NA,0,NA,0,NA,NA,NA
Benjamin Bosmans-Verdonk,Illinois,9,0.3333333333333333,3,1,3,0.3333333333333333,0,0.1
Ayo Dosunmu,Illinois,65,0.6,40,0.3076923076923077,13,0.18461538461538463,0.031746031746031744,0.1746031746031746
Connor Serven,Illinois,0,NA,0,NA,0,NA,NA,NA
Giorgi Bezhanishvili,Illinois,41,0.6333333333333333,30,0.16666666666666666,6,0.14634146341463414,0.023255813953488372,0.20930232558139536
Zach Griffith,Illinois,0,NA,0,NA,0,NA,NA,NA
Trent Frazier,Illinois,61,0.6111111111111112,36,0.45454545454545453,11,0.18032786885245902,0.05084745762711865,0.2033898305084746
Da'Monte Williams,Illinois,27,0.6,15,0.5,8,0.18518518518518517,0.08,0.28
Coleman Hawkins,Illinois,0,NA,0,NA,0,NA,NA,NA
Kofi Cockburn,Illinois,58,0.5588235294117647,34,0.38461538461538464,13,0.1896551724137931,0.07272727272727272,0.16363636363636364
D.J. Burns Jr.,Winthrop,0,NA,0,NA,0,NA,NA,NA
Josh Corbin,Winthrop,0,NA,0,NA,0,NA,NA,NA
Michael Anumba,Winthrop,29,0.5,18,0.5,6,0.27586206896551724,0.11538461538461539,0.3076923076923077
Keyshawn Hunter,Winthrop,0,NA,0,NA,0,NA,NA,NA
Chandler Vaudrin,Winthrop,48,0.4230769230769231,26,0.25,12,0.1875,0.0851063829787234,0.1702127659574468
Kelton Talford,Winthrop,0,NA,0,NA,0,NA,NA,NA
Kyle Zunic,Winthrop,25,0.4666666666666667,15,0.16666666666666666,6,0.24,0.08695652173913043,0.2608695652173913
Charles Falden,Winthrop,18,0.4444444444444444,9,0.2,5,0.16666666666666666,0.058823529411764705,0.11764705882352941
Russell Jones Jr.,Winthrop,0,NA,0,NA,0,NA,NA,NA
Toneari Lane,Winthrop,0,NA,0,NA,0,NA,NA,NA
Adonis Arms,Winthrop,0,NA,0,NA,0,NA,NA,NA
Jamal King,Winthrop,18,0.4,10,0,5,0.16666666666666666,0.05,0.25
Chase Claxton,Winthrop,30,0.23076923076923078,13,0.3333333333333333,12,0.23333333333333334,0.03571428571428571,0.25
Tom Pupavac,Winthrop,0,NA,0,NA,0,NA,NA,NA
Nate Buss,Winthrop,0,NA,0,NA,0,NA,NA,NA
Noah Frederking,Evansville,46,0.44,25,0.1,10,0.21739130434782608,0.2,0.08888888888888889
Iyen Enaruna,Evansville,0,NA,0,NA,0,NA,NA,NA
Jax Levitch,Evansville,0,NA,0,NA,0,NA,NA,NA
Evan Kuhlman,Evansville,16,0.25,8,0.5,2,0.375,0.06666666666666667,0.06666666666666667
Peace Ilegomah,Evansville,0,NA,0,NA,0,NA,NA,NA
Shamar Givance,Evansville,46,0.46153846153846156,26,0.2,10,0.17391304347826086,0.13043478260869565,0.06521739130434782
Devan Straub,Evansville,1,1,1,NA,0,0,0,0
Gage Bobe,Evansville,0,NA,0,NA,0,NA,NA,NA
Trey Hall,Evansville,0,NA,0,NA,0,NA,NA,NA
Alex Matthews,Evansville,0,NA,0,NA,0,NA,NA,NA
Thomasi Gilgeous-Alexander,Evansville,0,NA,0,NA,0,NA,NA,NA
Emmette Page,Evansville,0,NA,0,NA,0,NA,NA,NA
Jawaun Newton,Evansville,28,0.4,15,0.14285714285714285,7,0.2857142857142857,0.18518518518518517,0.1111111111111111
Ed Chang,Missouri,0,NA,0,NA,0,NA,NA,NA
Sean Durugordon,Missouri,0,NA,0,NA,0,NA,NA,NA
Mark Smith,Missouri,47,0.5,26,0.15384615384615385,13,0.1702127659574468,0.14285714285714285,0.08163265306122448
Evan Yerkes,Missouri,0,NA,0,NA,0,NA,NA,NA
Parker Braun,Missouri,0,NA,0,NA,0,NA,NA,NA
Jordan Wilmore,Missouri,0,NA,0,NA,0,NA,NA,NA
Drew Buggs,Missouri,0,NA,0,NA,0,NA,NA,NA
Dru Smith,Missouri,61,0.4,30,0.14285714285714285,14,0.2459016393442623,0.109375,0.0625
Xavier Pinson,Missouri,38,0.4375,16,0.21428571428571427,14,0.18421052631578946,0.05714285714285714,0.05714285714285714
Jeremiah Tilmon,Missouri,30,0.47058823529411764,17,0.16666666666666666,6,0.13333333333333333,0.0967741935483871,0.06451612903225806
Javon Pickett,Missouri,42,0.47368421052631576,19,0.13333333333333333,15,0.14285714285714285,0.075,0.075
Torrence Watson,Missouri,22,0.375,8,0,3,0.4090909090909091,0.09523809523809523,0
Kobe Brown,Missouri,31,0.4444444444444444,18,0,8,0.1935483870967742,0.11764705882352941,0.08823529411764706
Mitchell Smith,Missouri,16,0.6363636363636364,11,0,2,0.25,0.125,0
Michael Flowers,South Alabama,0,NA,0,NA,0,NA,NA,NA
Adam Sizemore,South Alabama,0,NA,0,NA,0,NA,NA,NA
Jamal West,South Alabama,0,NA,0,NA,0,NA,NA,NA
KK Curry,South Alabama,24,0.5833333333333334,12,0.4,10,0.125,0.041666666666666664,0.20833333333333334
Andrew Anderson,South Alabama,0,NA,0,NA,0,NA,NA,NA
Terrence Lewis,South Alabama,0,NA,0,NA,0,NA,NA,NA
John Pettway,South Alabama,0,NA,0,NA,0,NA,NA,NA
Diante Smith,South Alabama,0,NA,0,NA,0,NA,NA,NA
Kayo Goncalves,South Alabama,0,NA,0,NA,0,NA,NA,NA
Tyreke Locure,South Alabama,0,NA,0,NA,0,NA,NA,NA
Sam Iorio,South Alabama,0,NA,0,NA,0,NA,NA,NA
Tyrell Jones,South Alabama,10,0.5,4,0,1,0.2,0,0.375
Zondrick Garrett,South Alabama,0,NA,0,NA,0,NA,NA,NA
Lance Thomas,South Alabama,48,0.4,25,0.2222222222222222,18,0.14583333333333334,0.04,0.14
A.C. Kelly,South Alabama,0,NA,0,NA,0,NA,NA,NA
Sam Hines Jr.,Denver,0,NA,0,NA,0,NA,NA,NA
Robert Jones,Denver,32,0.38461538461538464,13,0.4166666666666667,12,0.21875,0.23333333333333334,0.1
Noah Baylis,Denver,0,NA,0,NA,0,NA,NA,NA
James Sanders IV,Denver,0,NA,0,NA,0,NA,NA,NA
Drake Muller,Denver,0,NA,0,NA,0,NA,NA,NA
Taelyr Gatlin,Denver,22,0.6363636363636364,11,0.5454545454545454,11,0.13636363636363635,0.14285714285714285,0.19047619047619047
Ryan Heath,Denver,0,NA,0,NA,0,NA,NA,NA
Khalil Johnson,Denver,5,NA,0,1,1,0.4,0,0.2
JaVonni Bickham,Denver,0,NA,0,NA,0,NA,NA,NA
Tristan Green,Denver,27,0.6,10,0.5833333333333334,12,0.1111111111111111,0.18518518518518517,0.1111111111111111
Eric Moenkhaus,Denver,0,NA,0,NA,0,NA,NA,NA
Iseri Palacio,Denver,0,NA,0,NA,0,NA,NA,NA
Korey Hess,Denver,0,NA,0,NA,0,NA,NA,NA
Frank Ryder,Denver,0,NA,0,NA,0,NA,NA,NA
Kobey Lam,Denver,0,NA,0,NA,0,NA,NA,NA
Roscoe Eastmond,Denver,39,0.42105263157894735,19,0.4375,16,0.1794871794871795,0.075,0.175
Seybian Sims,North Dakota,0,NA,0,NA,0,NA,NA,NA
Mitchell Sueker,North Dakota,0,NA,0,NA,0,NA,NA,NA
Andrew Bergan,North Dakota,0,NA,0,NA,0,NA,NA,NA
Caleb Nero,North Dakota,0,NA,0,NA,0,NA,NA,NA
Filip Rebraca,North Dakota,57,0.5909090909090909,44,0.42857142857142855,14,0.12280701754385964,0.13333333333333333,0.06666666666666667
Tyree Ihenacho,North Dakota,0,NA,0,NA,0,NA,NA,NA
Brady Danielson,North Dakota,45,0.59375,32,0.4,10,0.17777777777777778,0.06521739130434782,0.08695652173913043
Gertautas Urbonavicius,North Dakota,10,0.6666666666666666,9,0,1,0.1,0.1111111111111111,0.1111111111111111
De'Sean Allen-Eikens,North Dakota,56,0.6428571428571429,42,0.5833333333333334,12,0.125,0.125,0.07142857142857142
Ethan Igbanugo,North Dakota,11,0.5714285714285714,7,0.6666666666666666,3,0.18181818181818182,0,0
Nate Shockey,North Dakota,0,NA,0,NA,0,NA,NA,NA
Bentiu Panoam,North Dakota,0,NA,0,NA,0,NA,NA,NA
Carlos Ramsey Jr.,North Dakota,0,NA,0,NA,0,NA,NA,NA
Odri Dedolli,Mount St. Mary's,0,NA,0,NA,0,NA,NA,NA
Quinton Mincey,Mount St. Mary's,0,NA,0,NA,0,NA,NA,NA
Dakota Leffew,Mount St. Mary's,0,NA,0,NA,0,NA,NA,NA
Josh Reaves,Mount St. Mary's,0,NA,0,NA,0,NA,NA,NA
Frantisek Barton,Mount St. Mary's,0,NA,0,NA,0,NA,NA,NA
Naim Miller,Mount St. Mary's,32,0.5,18,0.3,10,0.1875,0.09090909090909091,0.030303030303030304
Mezie Offurum,Mount St. Mary's,0,NA,0,NA,0,NA,NA,NA
Damian Chong Qui,Mount St. Mary's,56,0.5185185185185185,27,0.26666666666666666,15,0.26785714285714285,0.09433962264150944,0.1320754716981132
Malik Jefferson,Mount St. Mary's,54,0.5555555555555556,27,0.2857142857142857,14,0.25925925925925924,0.14285714285714285,0.14285714285714285
Jalen Jefferson,Mount St. Mary's,0,NA,0,NA,0,NA,NA,NA
Winston Moore,Mount St. Mary's,0,NA,0,NA,0,NA,NA,NA
Nana Opoku,Mount St. Mary's,31,0.4782608695652174,23,0.3333333333333333,9,0.0967741935483871,0.12903225806451613,0.16129032258064516
Chidozie Collin Nnamene,Mount St. Mary's,0,NA,0,NA,0,NA,NA,NA
Jalen Gibbs,Mount St. Mary's,0,NA,0,NA,0,NA,NA,NA
Deandre Thomas,Mount St. Mary's,0,NA,0,NA,0,NA,NA,NA
Isaiah Sulack,Tennessee,0,NA,0,NA,0,NA,NA,NA
Brock Jancek,Tennessee,0,NA,0,NA,0,NA,NA,NA
John Fulkerson,Tennessee,28,0.38461538461538464,13,0.2857142857142857,7,0.32142857142857145,0.1111111111111111,0.14814814814814814
E.J. Anosike,Tennessee,0,NA,0,NA,0,NA,NA,NA
Drew Pember,Tennessee,2,0.5,2,0.5,2,0,0,0.25
Uros Plavsic,Tennessee,0,NA,0,NA,0,NA,NA,NA
Yves Pons,Tennessee,61,0.4,35,0.35,20,0.19672131147540983,0.0967741935483871,0.08064516129032258
Keon Johnson,Tennessee,0,NA,0,NA,0,NA,NA,NA
Kent Gilbert,Tennessee,0,NA,0,NA,0,NA,NA,NA
Josiah-Jordan James,Tennessee,53,0.43333333333333335,30,0.42857142857142855,14,0.22641509433962265,0.07547169811320754,0.07547169811320754
Jaden Springer,Tennessee,0,NA,0,NA,0,NA,NA,NA
Santiago Vescovi,Tennessee,0,NA,0,NA,0,NA,NA,NA
Victor Bailey Jr.,Tennessee,0,NA,0,NA,0,NA,NA,NA
Corey Walker Jr.,Tennessee,0,NA,0,NA,0,NA,NA,NA
Olivier Nkamhoua,Tennessee,31,0.4117647058823529,17,0.46153846153846156,13,0.16129032258064516,0.06666666666666667,0.06666666666666667
Cole Morris,Tennessee,0,NA,0,NA,0,NA,NA,NA
Davonte Gaines,Tennessee,1,0,2,0.3333333333333333,3,0,0.5,0
Chico Carter Jr.,Murray State,15,0.5714285714285714,7,0.5,6,0.2,0.06666666666666667,0.26666666666666666
Justice Hill,Murray State,0,NA,0,NA,0,NA,NA,NA
KJ Williams,Murray State,45,0.48148148148148145,27,0.46153846153846156,13,0.13333333333333333,0.16279069767441862,0.16279069767441862
Nicholas McMullen,Murray State,0,NA,0,NA,0,NA,NA,NA
Matt Smith,Murray State,0,NA,0,NA,0,NA,NA,NA
DaQuan Smith,Murray State,50,0.43333333333333335,30,0.6,15,0.12,0.14893617021276595,0.10638297872340426
Dionte Bostick,Murray State,0,NA,0,NA,0,NA,NA,NA
Jackson Sivills,Murray State,0,NA,0,NA,0,NA,NA,NA
Demond Robinson,Murray State,0,NA,0,NA,0,NA,NA,NA
Brion Whitley,Murray State,0,NA,0,NA,0,NA,NA,NA
Devin Gilmore,Murray State,18,0.6363636363636364,11,0.5,6,0.2222222222222222,0.13333333333333333,0.26666666666666666
Rod Thomas,Murray State,0,NA,0,NA,0,NA,NA,NA
Tevin Brown,Murray State,55,0.46875,32,0.6111111111111112,18,0.14545454545454545,0.125,0.16071428571428573
Ja'Queze Kirby,Murray State,0,NA,0,NA,0,NA,NA,NA
